0,f3ua,", successfully has new scan date recorded for, 2021-11-07",2022-02-03 22:53:06.260285
1,5mov,", successfully has new scan date recorded for, 2021-11-07",2022-02-03 22:53:06.260285
2,f3u8,", successfully has new scan date recorded for, 2021-11-07",2022-02-03 22:53:06.260285
3,5mou,", successfully has new scan date recorded for, 2021-11-07",2022-02-03 22:53:06.260285
4,l498,", successfully has new scan date recorded for, 2021-11-07",2022-02-03 22:53:06.260285
5,asoc,", successfully has new scan date recorded for, 2021-11-07",2022-02-03 22:53:06.260285
0,f3ua,", successfully has new scan date recorded for, 2021-11-07",2022-02-03 22:53:10.193201
1,5mov,", successfully has new scan date recorded for, 2021-11-07",2022-02-03 22:53:10.193201
2,f3u8,", successfully has new scan date recorded for, 2021-11-07",2022-02-03 22:53:10.193201
3,5mou,", successfully has new scan date recorded for, 2021-11-07",2022-02-03 22:53:10.193201
4,l498,", successfully has new scan date recorded for, 2021-11-07",2022-02-03 22:53:10.193201
5,asoc,", successfully has new scan date recorded for, 2021-11-07",2022-02-03 22:53:10.193201
6,f3ua,", already has recent scan recorded for, 2021-11-07",2022-02-03 22:53:10.193201
7,5mov,", already has recent scan recorded for, 2021-11-07",2022-02-03 22:53:10.193201
8,f3u8,", already has recent scan recorded for, 2021-11-07",2022-02-03 22:53:10.193201
9,5mou,", already has recent scan recorded for, 2021-11-07",2022-02-03 22:53:10.193201
10,l498,", already has recent scan recorded for, 2021-11-07",2022-02-03 22:53:10.193201
11,asoc,", already has recent scan recorded for, 2021-11-07",2022-02-03 22:53:10.193201
0,f3ua,", successfully has new scan date recorded for, 2021-11-07",2022-02-03 22:53:10.196946
1,5mov,", successfully has new scan date recorded for, 2021-11-07",2022-02-03 22:53:10.196946
2,f3u8,", successfully has new scan date recorded for, 2021-11-07",2022-02-03 22:53:10.196946
3,5mou,", successfully has new scan date recorded for, 2021-11-07",2022-02-03 22:53:10.196946
4,l498,", successfully has new scan date recorded for, 2021-11-07",2022-02-03 22:53:10.196946
5,asoc,", successfully has new scan date recorded for, 2021-11-07",2022-02-03 22:53:10.196946
6,f3ua,", already has recent scan recorded for, 2021-11-07",2022-02-03 22:53:10.196946
7,5mov,", already has recent scan recorded for, 2021-11-07",2022-02-03 22:53:10.196946
8,f3u8,", already has recent scan recorded for, 2021-11-07",2022-02-03 22:53:10.196946
9,5mou,", already has recent scan recorded for, 2021-11-07",2022-02-03 22:53:10.196946
10,l498,", already has recent scan recorded for, 2021-11-07",2022-02-03 22:53:10.196946
11,asoc,", already has recent scan recorded for, 2021-11-07",2022-02-03 22:53:10.196946
0,asoc,", already has recent scan recorded for, 2021-11-07",2022-02-03 22:57:42.799400
0,asoc,", already has recent scan recorded for, 2021-11-07",2022-02-03 22:57:42.802260
0,asoc,", already has recent scan recorded for, 2021-11-07",2022-02-03 22:57:56.464417
0,asoc,", already has recent scan recorded for, 2021-11-07",2022-02-03 22:57:56.467180
0,asoc,", already has recent scan recorded for, 2021-11-07",2022-02-03 22:57:56.471325
0,f3u9,", successfully has new scan date recorded for, 2021-11-07",2022-02-03 23:04:55.752920
1,l4iy,", successfully has new scan date recorded for, 2021-11-07",2022-02-03 23:04:55.752920
2,l4g5,", successfully has new scan date recorded for, 2021-11-07",2022-02-03 23:04:55.752920
3,l4as,", successfully has new scan date recorded for, 2021-11-07",2022-02-03 23:04:55.752920
0,f3u9,", successfully has new scan date recorded for, 2021-11-07",2022-02-03 23:04:58.904544
1,l4iy,", successfully has new scan date recorded for, 2021-11-07",2022-02-03 23:04:58.904544
2,l4g5,", successfully has new scan date recorded for, 2021-11-07",2022-02-03 23:04:58.904544
3,l4as,", successfully has new scan date recorded for, 2021-11-07",2022-02-03 23:04:58.904544
4,f3u9,", already has recent scan recorded for, 2021-11-07",2022-02-03 23:04:58.904544
5,l4iy,", already has recent scan recorded for, 2021-11-07",2022-02-03 23:04:58.904544
6,l4g5,", already has recent scan recorded for, 2021-11-07",2022-02-03 23:04:58.904544
7,l4as,", already has recent scan recorded for, 2021-11-07",2022-02-03 23:04:58.904544
0,f3u9,", successfully has new scan date recorded for, 2021-11-07",2022-02-03 23:04:58.909969
1,l4iy,", successfully has new scan date recorded for, 2021-11-07",2022-02-03 23:04:58.909969
2,l4g5,", successfully has new scan date recorded for, 2021-11-07",2022-02-03 23:04:58.909969
3,l4as,", successfully has new scan date recorded for, 2021-11-07",2022-02-03 23:04:58.909969
4,f3u9,", already has recent scan recorded for, 2021-11-07",2022-02-03 23:04:58.909969
5,l4iy,", already has recent scan recorded for, 2021-11-07",2022-02-03 23:04:58.909969
6,l4g5,", already has recent scan recorded for, 2021-11-07",2022-02-03 23:04:58.909969
7,l4as,", already has recent scan recorded for, 2021-11-07",2022-02-03 23:04:58.909969
0,f3u9,", already has recent scan recorded for, 2021-11-07",2022-02-03 23:14:43.095064
1,l4iy,", already has recent scan recorded for, 2021-11-07",2022-02-03 23:14:43.095064
2,l4g5,", already has recent scan recorded for, 2021-11-07",2022-02-03 23:14:43.095064
3,l4as,", already has recent scan recorded for, 2021-11-07",2022-02-03 23:14:43.095064
0,f3u9,", already has recent scan recorded for, 2021-11-07",2022-02-03 23:14:45.973744
1,l4iy,", already has recent scan recorded for, 2021-11-07",2022-02-03 23:14:45.973744
2,l4g5,", already has recent scan recorded for, 2021-11-07",2022-02-03 23:14:45.973744
3,l4as,", already has recent scan recorded for, 2021-11-07",2022-02-03 23:14:45.973744
4,f3u9,", already has recent scan recorded for, 2021-11-07",2022-02-03 23:14:45.973744
5,l4iy,", already has recent scan recorded for, 2021-11-07",2022-02-03 23:14:45.973744
6,l4g5,", already has recent scan recorded for, 2021-11-07",2022-02-03 23:14:45.973744
7,l4as,", already has recent scan recorded for, 2021-11-07",2022-02-03 23:14:45.973744
0,f3u9,", already has recent scan recorded for, 2021-11-07",2022-02-03 23:14:45.977745
1,l4iy,", already has recent scan recorded for, 2021-11-07",2022-02-03 23:14:45.977745
2,l4g5,", already has recent scan recorded for, 2021-11-07",2022-02-03 23:14:45.977745
3,l4as,", already has recent scan recorded for, 2021-11-07",2022-02-03 23:14:45.977745
4,f3u9,", already has recent scan recorded for, 2021-11-07",2022-02-03 23:14:45.977745
5,l4iy,", already has recent scan recorded for, 2021-11-07",2022-02-03 23:14:45.977745
6,l4g5,", already has recent scan recorded for, 2021-11-07",2022-02-03 23:14:45.977745
7,l4as,", already has recent scan recorded for, 2021-11-07",2022-02-03 23:14:45.977745
0,l4as,", already has recent scan recorded for, 2021-11-07",2022-02-03 23:16:29.726105
1,l4gv,", successfully has new scan date recorded for, 2021-11-07",2022-02-03 23:16:29.726105
2,5lxf,", successfully has new scan date recorded for, 2021-11-07",2022-02-03 23:16:29.726105
3,l4ai,", successfully has new scan date recorded for, 2021-11-07",2022-02-03 23:16:29.726105
4,5l25,", successfully has new scan date recorded for, 2021-11-07",2022-02-03 23:16:29.726105
5,l4gu,", successfully has new scan date recorded for, 2021-11-07",2022-02-03 23:16:29.726105
0,l4as,", already has recent scan recorded for, 2021-11-07",2022-02-03 23:16:29.743470
1,l4gv,", successfully has new scan date recorded for, 2021-11-07",2022-02-03 23:16:29.743470
2,5lxf,", successfully has new scan date recorded for, 2021-11-07",2022-02-03 23:16:29.743470
3,l4ai,", successfully has new scan date recorded for, 2021-11-07",2022-02-03 23:16:29.743470
4,5l25,", successfully has new scan date recorded for, 2021-11-07",2022-02-03 23:16:29.743470
5,l4gu,", successfully has new scan date recorded for, 2021-11-07",2022-02-03 23:16:29.743470
0,l4gu,", already has recent scan recorded for, 2021-11-07",2022-02-03 23:19:37.644177
1,5m23,", successfully has new scan date recorded for, 2021-11-07",2022-02-03 23:19:37.644177
2,5lxi,", successfully has new scan date recorded for, 2021-11-07",2022-02-03 23:19:37.644177
3,f3t3,", successfully has new scan date recorded for, 2021-11-07",2022-02-03 23:19:37.644177
4,l4gt,", successfully has new scan date recorded for, 2021-11-07",2022-02-03 23:19:37.644177
5,l4al,", successfully has new scan date recorded for, 2021-11-07",2022-02-03 23:19:37.644177
6,fsjb,", successfully has new scan date recorded for, 2021-11-07",2022-02-03 23:19:37.644177
7,fsjc,", successfully has new scan date recorded for, 2021-11-07",2022-02-03 23:19:37.644177
8,bv2y,", successfully has new scan date recorded for, 2021-11-07",2022-02-03 23:19:37.644177
9,buv9,", successfully has new scan date recorded for, 2021-11-07",2022-02-03 23:19:37.644177
0,l4gu,", already has recent scan recorded for, 2021-11-07",2022-02-03 23:19:39.110779
1,5m23,", successfully has new scan date recorded for, 2021-11-07",2022-02-03 23:19:39.110779
2,5lxi,", successfully has new scan date recorded for, 2021-11-07",2022-02-03 23:19:39.110779
3,f3t3,", successfully has new scan date recorded for, 2021-11-07",2022-02-03 23:19:39.110779
4,l4gt,", successfully has new scan date recorded for, 2021-11-07",2022-02-03 23:19:39.110779
5,l4al,", successfully has new scan date recorded for, 2021-11-07",2022-02-03 23:19:39.110779
6,fsjb,", successfully has new scan date recorded for, 2021-11-07",2022-02-03 23:19:39.110779
7,fsjc,", successfully has new scan date recorded for, 2021-11-07",2022-02-03 23:19:39.110779
8,bv2y,", successfully has new scan date recorded for, 2021-11-07",2022-02-03 23:19:39.110779
9,buv9,", successfully has new scan date recorded for, 2021-11-07",2022-02-03 23:19:39.110779
10,bv2y,", already has recent scan recorded for, 2021-11-07",2022-02-03 23:19:39.110779
11,buv9,", already has recent scan recorded for, 2021-11-07",2022-02-03 23:19:39.110779
0,l4gu,", already has recent scan recorded for, 2021-11-07",2022-02-03 23:19:45.363668
1,5m23,", successfully has new scan date recorded for, 2021-11-07",2022-02-03 23:19:45.363668
2,5lxi,", successfully has new scan date recorded for, 2021-11-07",2022-02-03 23:19:45.363668
3,f3t3,", successfully has new scan date recorded for, 2021-11-07",2022-02-03 23:19:45.363668
4,l4gt,", successfully has new scan date recorded for, 2021-11-07",2022-02-03 23:19:45.363668
5,l4al,", successfully has new scan date recorded for, 2021-11-07",2022-02-03 23:19:45.363668
6,fsjb,", successfully has new scan date recorded for, 2021-11-07",2022-02-03 23:19:45.363668
7,fsjc,", successfully has new scan date recorded for, 2021-11-07",2022-02-03 23:19:45.363668
8,bv2y,", successfully has new scan date recorded for, 2021-11-07",2022-02-03 23:19:45.363668
9,buv9,", successfully has new scan date recorded for, 2021-11-07",2022-02-03 23:19:45.363668
10,bv2y,", already has recent scan recorded for, 2021-11-07",2022-02-03 23:19:45.363668
11,buv9,", already has recent scan recorded for, 2021-11-07",2022-02-03 23:19:45.363668
12,bv2y,", already has recent scan recorded for, 2021-11-07",2022-02-03 23:19:45.363668
13,buv9,", already has recent scan recorded for, 2021-11-07",2022-02-03 23:19:45.363668
0,l4gu,", already has recent scan recorded for, 2021-11-07",2022-02-03 23:19:46.609215
1,5m23,", successfully has new scan date recorded for, 2021-11-07",2022-02-03 23:19:46.609215
2,5lxi,", successfully has new scan date recorded for, 2021-11-07",2022-02-03 23:19:46.609215
3,f3t3,", successfully has new scan date recorded for, 2021-11-07",2022-02-03 23:19:46.609215
4,l4gt,", successfully has new scan date recorded for, 2021-11-07",2022-02-03 23:19:46.609215
5,l4al,", successfully has new scan date recorded for, 2021-11-07",2022-02-03 23:19:46.609215
6,fsjb,", successfully has new scan date recorded for, 2021-11-07",2022-02-03 23:19:46.609215
7,fsjc,", successfully has new scan date recorded for, 2021-11-07",2022-02-03 23:19:46.609215
8,bv2y,", successfully has new scan date recorded for, 2021-11-07",2022-02-03 23:19:46.609215
9,buv9,", successfully has new scan date recorded for, 2021-11-07",2022-02-03 23:19:46.609215
10,bv2y,", already has recent scan recorded for, 2021-11-07",2022-02-03 23:19:46.609215
11,buv9,", already has recent scan recorded for, 2021-11-07",2022-02-03 23:19:46.609215
12,bv2y,", already has recent scan recorded for, 2021-11-07",2022-02-03 23:19:46.609215
13,buv9,", already has recent scan recorded for, 2021-11-07",2022-02-03 23:19:46.609215
14,bv2y,", already has recent scan recorded for, 2021-11-07",2022-02-03 23:19:46.609215
15,buv9,", already has recent scan recorded for, 2021-11-07",2022-02-03 23:19:46.609215
0,buv9,", already has recent scan recorded for, 2021-11-07",2022-02-03 23:36:17.941697
1,l4gb,", successfully has new scan date recorded for, 2021-11-07",2022-02-03 23:36:17.941697
2,l4az,", successfully has new scan date recorded for, 2021-11-07",2022-02-03 23:36:17.941697
3,5m71,", successfully has new scan date recorded for, 2021-11-07",2022-02-03 23:36:17.941697
4,eiwh,", successfully has new scan date recorded for, 2021-11-07",2022-02-03 23:36:17.941697
5,f3tt,", successfully has new scan date recorded for, 2021-11-07",2022-02-03 23:36:17.941697
6,f3ti,", successfully has new scan date recorded for, 2021-11-07",2022-02-03 23:36:17.941697
0,buv9,", already has recent scan recorded for, 2021-11-07",2022-02-03 23:36:17.957259
1,l4gb,", successfully has new scan date recorded for, 2021-11-07",2022-02-03 23:36:17.957259
2,l4az,", successfully has new scan date recorded for, 2021-11-07",2022-02-03 23:36:17.957259
3,5m71,", successfully has new scan date recorded for, 2021-11-07",2022-02-03 23:36:17.957259
4,eiwh,", successfully has new scan date recorded for, 2021-11-07",2022-02-03 23:36:17.957259
5,f3tt,", successfully has new scan date recorded for, 2021-11-07",2022-02-03 23:36:17.957259
6,f3ti,", successfully has new scan date recorded for, 2021-11-07",2022-02-03 23:36:17.957259
0,f3ti,", already has recent scan recorded for, 2021-11-07",2022-02-03 23:39:27.421834
1,f3ti,", already has recent scan recorded for, 2021-11-07",2022-02-03 23:39:27.421834
2,5m38,", successfully has new scan date recorded for, 2021-11-07",2022-02-03 23:39:27.421834
3,f3te,", successfully has new scan date recorded for, 2021-11-07",2022-02-03 23:39:27.421834
4,eiwv,", successfully has new scan date recorded for, 2021-11-07",2022-02-03 23:39:27.421834
5,eiwx,", successfully has new scan date recorded for, 2021-11-07",2022-02-03 23:39:27.421834
6,chcc,", successfully has new scan date recorded for, 2021-11-07",2022-02-03 23:39:27.421834
7,l4gh,", successfully has new scan date recorded for, 2021-11-07",2022-02-03 23:39:27.421834
8,5m6z,", successfully has new scan date recorded for, 2021-11-07",2022-02-03 23:39:27.421834
9,l4jz,", successfully has new scan date recorded for, 2021-11-07",2022-02-03 23:39:27.421834
0,f3ti,", already has recent scan recorded for, 2021-11-07",2022-02-03 23:39:27.443047
1,f3ti,", already has recent scan recorded for, 2021-11-07",2022-02-03 23:39:27.443047
2,5m38,", successfully has new scan date recorded for, 2021-11-07",2022-02-03 23:39:27.443047
3,f3te,", successfully has new scan date recorded for, 2021-11-07",2022-02-03 23:39:27.443047
4,eiwv,", successfully has new scan date recorded for, 2021-11-07",2022-02-03 23:39:27.443047
5,eiwx,", successfully has new scan date recorded for, 2021-11-07",2022-02-03 23:39:27.443047
6,chcc,", successfully has new scan date recorded for, 2021-11-07",2022-02-03 23:39:27.443047
7,l4gh,", successfully has new scan date recorded for, 2021-11-07",2022-02-03 23:39:27.443047
8,5m6z,", successfully has new scan date recorded for, 2021-11-07",2022-02-03 23:39:27.443047
9,l4jz,", successfully has new scan date recorded for, 2021-11-07",2022-02-03 23:39:27.443047
0,l4jz,", already has recent scan recorded for, 2021-11-07",2022-02-03 23:43:52.873598
1,5m9v,", successfully has new scan date recorded for, 2021-11-07",2022-02-03 23:43:52.873598
2,5m9w,", successfully has new scan date recorded for, 2021-11-07",2022-02-03 23:43:52.873598
3,l4j3,", successfully has new scan date recorded for, 2021-11-07",2022-02-03 23:43:52.873598
4,l4j4,", successfully has new scan date recorded for, 2021-11-07",2022-02-03 23:43:52.873598
5,anyp,", successfully has new scan date recorded for, 2021-11-07",2022-02-03 23:43:52.873598
6,ao3p,", successfully has new scan date recorded for, 2021-11-07",2022-02-03 23:43:52.873598
7,5m51,", successfully has new scan date recorded for, 2021-11-07",2022-02-03 23:43:52.873598
8,l49e,", successfully has new scan date recorded for, 2021-11-07",2022-02-03 23:43:52.873598
9,5m50,", successfully has new scan date recorded for, 2021-11-07",2022-02-03 23:43:52.873598
10,gehk,", successfully has new scan date recorded for, 2021-11-07",2022-02-03 23:43:52.873598
11,5m12,", successfully has new scan date recorded for, 2021-11-07",2022-02-03 23:43:52.873598
12,5lwp,", successfully has new scan date recorded for, 2021-11-07",2022-02-03 23:43:52.873598
13,5m1p,", successfully has new scan date recorded for, 2021-11-07",2022-02-03 23:43:52.873598
0,l4jz,", already has recent scan recorded for, 2021-11-07",2022-02-03 23:43:52.894004
1,5m9v,", successfully has new scan date recorded for, 2021-11-07",2022-02-03 23:43:52.894004
2,5m9w,", successfully has new scan date recorded for, 2021-11-07",2022-02-03 23:43:52.894004
3,l4j3,", successfully has new scan date recorded for, 2021-11-07",2022-02-03 23:43:52.894004
4,l4j4,", successfully has new scan date recorded for, 2021-11-07",2022-02-03 23:43:52.894004
5,anyp,", successfully has new scan date recorded for, 2021-11-07",2022-02-03 23:43:52.894004
6,ao3p,", successfully has new scan date recorded for, 2021-11-07",2022-02-03 23:43:52.894004
7,5m51,", successfully has new scan date recorded for, 2021-11-07",2022-02-03 23:43:52.894004
8,l49e,", successfully has new scan date recorded for, 2021-11-07",2022-02-03 23:43:52.894004
9,5m50,", successfully has new scan date recorded for, 2021-11-07",2022-02-03 23:43:52.894004
10,gehk,", successfully has new scan date recorded for, 2021-11-07",2022-02-03 23:43:52.894004
11,5m12,", successfully has new scan date recorded for, 2021-11-07",2022-02-03 23:43:52.894004
12,5lwp,", successfully has new scan date recorded for, 2021-11-07",2022-02-03 23:43:52.894004
13,5m1p,", successfully has new scan date recorded for, 2021-11-07",2022-02-03 23:43:52.894004
0,5m1p,", already has recent scan recorded for, 2021-11-07",2022-02-03 23:46:04.560354
1,5ly0,", successfully has new scan date recorded for, 2021-11-07",2022-02-03 23:46:04.560354
2,5lzk,", successfully has new scan date recorded for, 2021-11-07",2022-02-03 23:46:04.560354
3,5m0f,", successfully has new scan date recorded for, 2021-11-07",2022-02-03 23:46:04.560354
4,5lxh,", successfully has new scan date recorded for, 2021-11-07",2022-02-03 23:46:04.560354
5,5lwn,", successfully has new scan date recorded for, 2021-11-07",2022-02-03 23:46:04.560354
6,5lxe,", successfully has new scan date recorded for, 2021-11-07",2022-02-03 23:46:04.560354
7,5lx9,", successfully has new scan date recorded for, 2021-11-07",2022-02-03 23:46:04.560354
8,5lxa,", successfully has new scan date recorded for, 2021-11-07",2022-02-03 23:46:04.560354
9,5lxu,", successfully has new scan date recorded for, 2021-11-07",2022-02-03 23:46:04.560354
10,5lyo,", successfully has new scan date recorded for, 2021-11-07",2022-02-03 23:46:04.560354
11,5m52,", successfully has new scan date recorded for, 2021-11-07",2022-02-03 23:46:04.560354
12,l49p,", successfully has new scan date recorded for, 2021-11-07",2022-02-03 23:46:04.560354
13,l49l,", successfully has new scan date recorded for, 2021-11-07",2022-02-03 23:46:04.560354
14,5lx2,", successfully has new scan date recorded for, 2021-11-07",2022-02-03 23:46:04.560354
15,5lxx,", successfully has new scan date recorded for, 2021-11-07",2022-02-03 23:46:04.560354
16,5m63,", successfully has new scan date recorded for, 2021-11-07",2022-02-03 23:46:04.560354
17,5m5l,", successfully has new scan date recorded for, 2021-11-07",2022-02-03 23:46:04.560354
18,5m6s,", successfully has new scan date recorded for, 2021-11-07",2022-02-03 23:46:04.560354
0,5m1p,", already has recent scan recorded for, 2021-11-07",2022-02-03 23:46:04.590438
1,5ly0,", successfully has new scan date recorded for, 2021-11-07",2022-02-03 23:46:04.590438
2,5lzk,", successfully has new scan date recorded for, 2021-11-07",2022-02-03 23:46:04.590438
3,5m0f,", successfully has new scan date recorded for, 2021-11-07",2022-02-03 23:46:04.590438
4,5lxh,", successfully has new scan date recorded for, 2021-11-07",2022-02-03 23:46:04.590438
5,5lwn,", successfully has new scan date recorded for, 2021-11-07",2022-02-03 23:46:04.590438
6,5lxe,", successfully has new scan date recorded for, 2021-11-07",2022-02-03 23:46:04.590438
7,5lx9,", successfully has new scan date recorded for, 2021-11-07",2022-02-03 23:46:04.590438
8,5lxa,", successfully has new scan date recorded for, 2021-11-07",2022-02-03 23:46:04.590438
9,5lxu,", successfully has new scan date recorded for, 2021-11-07",2022-02-03 23:46:04.590438
10,5lyo,", successfully has new scan date recorded for, 2021-11-07",2022-02-03 23:46:04.590438
11,5m52,", successfully has new scan date recorded for, 2021-11-07",2022-02-03 23:46:04.590438
12,l49p,", successfully has new scan date recorded for, 2021-11-07",2022-02-03 23:46:04.590438
13,l49l,", successfully has new scan date recorded for, 2021-11-07",2022-02-03 23:46:04.590438
14,5lx2,", successfully has new scan date recorded for, 2021-11-07",2022-02-03 23:46:04.590438
15,5lxx,", successfully has new scan date recorded for, 2021-11-07",2022-02-03 23:46:04.590438
16,5m63,", successfully has new scan date recorded for, 2021-11-07",2022-02-03 23:46:04.590438
17,5m5l,", successfully has new scan date recorded for, 2021-11-07",2022-02-03 23:46:04.590438
18,5m6s,", successfully has new scan date recorded for, 2021-11-07",2022-02-03 23:46:04.590438
0,l49a,", successfully has new scan date recorded for, 2021-11-07",2022-02-04 00:06:09.685991
0,l49a,", successfully has new scan date recorded for, 2021-11-07",2022-02-04 00:06:09.715103
0,ypk,", successfully has new scan date recorded for, 2021-11-07",2022-02-04 00:25:37.499096
1,ypm,", successfully has new scan date recorded for, 2021-11-07",2022-02-04 00:25:37.499096
2,l4is,", successfully has new scan date recorded for, 2021-11-07",2022-02-04 00:25:37.499096
3,l4it,", successfully has new scan date recorded for, 2021-11-07",2022-02-04 00:25:37.499096
4,5m45,", successfully has new scan date recorded for, 2021-11-07",2022-02-04 00:25:37.499096
5,l494,", successfully has new scan date recorded for, 2021-11-07",2022-02-04 00:25:37.499096
6,5m46,", successfully has new scan date recorded for, 2021-11-07",2022-02-04 00:25:37.499096
7,l495,", successfully has new scan date recorded for, 2021-11-07",2022-02-04 00:25:37.499096
8,l4g7,", successfully has new scan date recorded for, 2021-11-07",2022-02-04 00:25:37.499096
9,hhoe,", successfully has new scan date recorded for, 2021-11-07",2022-02-04 00:25:37.499096
10,3r40,", successfully has new scan date recorded for, 2021-11-07",2022-02-04 00:25:37.499096
11,l4dn,", successfully has new scan date recorded for, 2021-11-07",2022-02-04 00:25:37.499096
12,5m5f,", successfully has new scan date recorded for, 2021-11-07",2022-02-04 00:25:37.499096
13,l4gi,", successfully has new scan date recorded for, 2021-11-07",2022-02-04 00:25:37.499096
14,5m0g,", successfully has new scan date recorded for, 2021-11-07",2022-02-04 00:25:37.499096
15,l4di,", successfully has new scan date recorded for, 2021-11-07",2022-02-04 00:25:37.499096
16,5m0q,", successfully has new scan date recorded for, 2021-11-07",2022-02-04 00:25:37.499096
17,5m0k,", successfully has new scan date recorded for, 2021-11-07",2022-02-04 00:25:37.499096
18,l4ho,", successfully has new scan date recorded for, 2021-11-07",2022-02-04 00:25:37.499096
19,g7oe,", successfully has new scan date recorded for, 2021-11-07",2022-02-04 00:25:37.499096
20,l4db,", successfully has new scan date recorded for, 2021-11-07",2022-02-04 00:25:37.499096
21,l4gg,", successfully has new scan date recorded for, 2021-11-07",2022-02-04 00:25:37.499096
22,5m9l,", successfully has new scan date recorded for, 2021-11-07",2022-02-04 00:25:37.499096
23,5lyt,", successfully has new scan date recorded for, 2021-11-07",2022-02-04 00:25:37.499096
24,hkcl,", successfully has new scan date recorded for, 2021-11-07",2022-02-04 00:25:37.499096
25,5m49,", successfully has new scan date recorded for, 2021-11-07",2022-02-04 00:25:37.499096
26,3vu2,", successfully has new scan date recorded for, 2021-11-07",2022-02-04 00:25:37.499096
27,5m04,", successfully has new scan date recorded for, 2021-11-07",2022-02-04 00:25:37.499096
28,l4ev,", successfully has new scan date recorded for, 2021-11-07",2022-02-04 00:25:37.499096
29,l4aa,", successfully has new scan date recorded for, 2021-11-07",2022-02-04 00:25:37.499096
30,5m0d,", successfully has new scan date recorded for, 2021-11-07",2022-02-04 00:25:37.499096
31,5lzu,", successfully has new scan date recorded for, 2021-11-07",2022-02-04 00:25:37.499096
32,5m2o,", successfully has new scan date recorded for, 2021-11-07",2022-02-04 00:25:37.499096
33,l4da,", successfully has new scan date recorded for, 2021-11-07",2022-02-04 00:25:37.499096
34,l4e3,", successfully has new scan date recorded for, 2021-11-07",2022-02-04 00:25:37.499096
35,5lzc,", successfully has new scan date recorded for, 2021-11-07",2022-02-04 00:25:37.499096
36,l4i6,", successfully has new scan date recorded for, 2021-11-07",2022-02-04 00:25:37.499096
37,f3t5,", successfully has new scan date recorded for, 2021-11-07",2022-02-04 00:25:37.499096
38,5lyr,", successfully has new scan date recorded for, 2021-11-07",2022-02-04 00:25:37.499096
39,3rt1,", successfully has new scan date recorded for, 2021-11-07",2022-02-04 00:25:37.499096
40,5ly6,", successfully has new scan date recorded for, 2021-11-07",2022-02-04 00:25:37.499096
41,5m0o,", successfully has new scan date recorded for, 2021-11-07",2022-02-04 00:25:37.499096
42,5lyv,", successfully has new scan date recorded for, 2021-11-07",2022-02-04 00:25:37.499096
43,l4ai,", already has recent scan recorded for, 2021-11-07",2022-02-04 00:25:37.499096
44,l4ad,", successfully has new scan date recorded for, 2021-11-07",2022-02-04 00:25:37.499096
45,l4g0,", successfully has new scan date recorded for, 2021-11-07",2022-02-04 00:25:37.499096
46,l4a8,", successfully has new scan date recorded for, 2021-11-07",2022-02-04 00:25:37.499096
47,5m3p,", successfully has new scan date recorded for, 2021-11-07",2022-02-04 00:25:37.499096
48,l4g2,", successfully has new scan date recorded for, 2021-11-07",2022-02-04 00:25:37.499096
49,l4g1,", successfully has new scan date recorded for, 2021-11-07",2022-02-04 00:25:37.499096
50,aokh,", successfully has new scan date recorded for, 2021-11-07",2022-02-04 00:25:37.499096
51,bq4u,", successfully has new scan date recorded for, 2021-11-07",2022-02-04 00:25:37.499096
52,gdzu,", successfully has new scan date recorded for, 2021-11-07",2022-02-04 00:25:37.499096
53,bq4r,", successfully has new scan date recorded for, 2021-11-07",2022-02-04 00:25:37.499096
54,l4ij,", successfully has new scan date recorded for, 2021-11-07",2022-02-04 00:25:37.499096
55,ap9c,", successfully has new scan date recorded for, 2021-11-07",2022-02-04 00:25:37.499096
56,5m1e,", successfully has new scan date recorded for, 2021-11-07",2022-02-04 00:25:37.499096
57,5m1f,", successfully has new scan date recorded for, 2021-11-07",2022-02-04 00:25:37.499096
58,5m2r,", successfully has new scan date recorded for, 2021-11-07",2022-02-04 00:25:37.499096
59,5m1g,", successfully has new scan date recorded for, 2021-11-07",2022-02-04 00:25:37.499096
60,l49w,", successfully has new scan date recorded for, 2021-11-07",2022-02-04 00:25:37.499096
61,5m1y,", successfully has new scan date recorded for, 2021-11-07",2022-02-04 00:25:37.499096
62,5m1d,", successfully has new scan date recorded for, 2021-11-07",2022-02-04 00:25:37.499096
63,5lwt,", successfully has new scan date recorded for, 2021-11-07",2022-02-04 00:25:37.499096
64,5m1x,", successfully has new scan date recorded for, 2021-11-07",2022-02-04 00:25:37.499096
65,l49u,", successfully has new scan date recorded for, 2021-11-07",2022-02-04 00:25:37.499096
66,l49t,", successfully has new scan date recorded for, 2021-11-07",2022-02-04 00:25:37.499096
67,5m2p,", successfully has new scan date recorded for, 2021-11-07",2022-02-04 00:25:37.499096
68,5m1h,", successfully has new scan date recorded for, 2021-11-07",2022-02-04 00:25:37.499096
69,l4ii,", successfully has new scan date recorded for, 2021-11-07",2022-02-04 00:25:37.499096
70,aosi,", successfully has new scan date recorded for, 2021-11-07",2022-02-04 00:25:37.499096
71,5m1c,", successfully has new scan date recorded for, 2021-11-07",2022-02-04 00:25:37.499096
0,ypk,", successfully has new scan date recorded for, 2021-11-07",2022-02-04 00:25:37.534808
1,ypm,", successfully has new scan date recorded for, 2021-11-07",2022-02-04 00:25:37.534808
2,l4is,", successfully has new scan date recorded for, 2021-11-07",2022-02-04 00:25:37.534808
3,l4it,", successfully has new scan date recorded for, 2021-11-07",2022-02-04 00:25:37.534808
4,5m45,", successfully has new scan date recorded for, 2021-11-07",2022-02-04 00:25:37.534808
5,l494,", successfully has new scan date recorded for, 2021-11-07",2022-02-04 00:25:37.534808
6,5m46,", successfully has new scan date recorded for, 2021-11-07",2022-02-04 00:25:37.534808
7,l495,", successfully has new scan date recorded for, 2021-11-07",2022-02-04 00:25:37.534808
8,l4g7,", successfully has new scan date recorded for, 2021-11-07",2022-02-04 00:25:37.534808
9,hhoe,", successfully has new scan date recorded for, 2021-11-07",2022-02-04 00:25:37.534808
10,3r40,", successfully has new scan date recorded for, 2021-11-07",2022-02-04 00:25:37.534808
11,l4dn,", successfully has new scan date recorded for, 2021-11-07",2022-02-04 00:25:37.534808
12,5m5f,", successfully has new scan date recorded for, 2021-11-07",2022-02-04 00:25:37.534808
13,l4gi,", successfully has new scan date recorded for, 2021-11-07",2022-02-04 00:25:37.534808
14,5m0g,", successfully has new scan date recorded for, 2021-11-07",2022-02-04 00:25:37.534808
15,l4di,", successfully has new scan date recorded for, 2021-11-07",2022-02-04 00:25:37.534808
16,5m0q,", successfully has new scan date recorded for, 2021-11-07",2022-02-04 00:25:37.534808
17,5m0k,", successfully has new scan date recorded for, 2021-11-07",2022-02-04 00:25:37.534808
18,l4ho,", successfully has new scan date recorded for, 2021-11-07",2022-02-04 00:25:37.534808
19,g7oe,", successfully has new scan date recorded for, 2021-11-07",2022-02-04 00:25:37.534808
20,l4db,", successfully has new scan date recorded for, 2021-11-07",2022-02-04 00:25:37.534808
21,l4gg,", successfully has new scan date recorded for, 2021-11-07",2022-02-04 00:25:37.534808
22,5m9l,", successfully has new scan date recorded for, 2021-11-07",2022-02-04 00:25:37.534808
23,5lyt,", successfully has new scan date recorded for, 2021-11-07",2022-02-04 00:25:37.534808
24,hkcl,", successfully has new scan date recorded for, 2021-11-07",2022-02-04 00:25:37.534808
25,5m49,", successfully has new scan date recorded for, 2021-11-07",2022-02-04 00:25:37.534808
26,3vu2,", successfully has new scan date recorded for, 2021-11-07",2022-02-04 00:25:37.534808
27,5m04,", successfully has new scan date recorded for, 2021-11-07",2022-02-04 00:25:37.534808
28,l4ev,", successfully has new scan date recorded for, 2021-11-07",2022-02-04 00:25:37.534808
29,l4aa,", successfully has new scan date recorded for, 2021-11-07",2022-02-04 00:25:37.534808
30,5m0d,", successfully has new scan date recorded for, 2021-11-07",2022-02-04 00:25:37.534808
31,5lzu,", successfully has new scan date recorded for, 2021-11-07",2022-02-04 00:25:37.534808
32,5m2o,", successfully has new scan date recorded for, 2021-11-07",2022-02-04 00:25:37.534808
33,l4da,", successfully has new scan date recorded for, 2021-11-07",2022-02-04 00:25:37.534808
34,l4e3,", successfully has new scan date recorded for, 2021-11-07",2022-02-04 00:25:37.534808
35,5lzc,", successfully has new scan date recorded for, 2021-11-07",2022-02-04 00:25:37.534808
36,l4i6,", successfully has new scan date recorded for, 2021-11-07",2022-02-04 00:25:37.534808
37,f3t5,", successfully has new scan date recorded for, 2021-11-07",2022-02-04 00:25:37.534808
38,5lyr,", successfully has new scan date recorded for, 2021-11-07",2022-02-04 00:25:37.534808
39,3rt1,", successfully has new scan date recorded for, 2021-11-07",2022-02-04 00:25:37.534808
40,5ly6,", successfully has new scan date recorded for, 2021-11-07",2022-02-04 00:25:37.534808
41,5m0o,", successfully has new scan date recorded for, 2021-11-07",2022-02-04 00:25:37.534808
42,5lyv,", successfully has new scan date recorded for, 2021-11-07",2022-02-04 00:25:37.534808
43,l4ai,", already has recent scan recorded for, 2021-11-07",2022-02-04 00:25:37.534808
44,l4ad,", successfully has new scan date recorded for, 2021-11-07",2022-02-04 00:25:37.534808
45,l4g0,", successfully has new scan date recorded for, 2021-11-07",2022-02-04 00:25:37.534808
46,l4a8,", successfully has new scan date recorded for, 2021-11-07",2022-02-04 00:25:37.534808
47,5m3p,", successfully has new scan date recorded for, 2021-11-07",2022-02-04 00:25:37.534808
48,l4g2,", successfully has new scan date recorded for, 2021-11-07",2022-02-04 00:25:37.534808
49,l4g1,", successfully has new scan date recorded for, 2021-11-07",2022-02-04 00:25:37.534808
50,aokh,", successfully has new scan date recorded for, 2021-11-07",2022-02-04 00:25:37.534808
51,bq4u,", successfully has new scan date recorded for, 2021-11-07",2022-02-04 00:25:37.534808
52,gdzu,", successfully has new scan date recorded for, 2021-11-07",2022-02-04 00:25:37.534808
53,bq4r,", successfully has new scan date recorded for, 2021-11-07",2022-02-04 00:25:37.534808
54,l4ij,", successfully has new scan date recorded for, 2021-11-07",2022-02-04 00:25:37.534808
55,ap9c,", successfully has new scan date recorded for, 2021-11-07",2022-02-04 00:25:37.534808
56,5m1e,", successfully has new scan date recorded for, 2021-11-07",2022-02-04 00:25:37.534808
57,5m1f,", successfully has new scan date recorded for, 2021-11-07",2022-02-04 00:25:37.534808
58,5m2r,", successfully has new scan date recorded for, 2021-11-07",2022-02-04 00:25:37.534808
59,5m1g,", successfully has new scan date recorded for, 2021-11-07",2022-02-04 00:25:37.534808
60,l49w,", successfully has new scan date recorded for, 2021-11-07",2022-02-04 00:25:37.534808
61,5m1y,", successfully has new scan date recorded for, 2021-11-07",2022-02-04 00:25:37.534808
62,5m1d,", successfully has new scan date recorded for, 2021-11-07",2022-02-04 00:25:37.534808
63,5lwt,", successfully has new scan date recorded for, 2021-11-07",2022-02-04 00:25:37.534808
64,5m1x,", successfully has new scan date recorded for, 2021-11-07",2022-02-04 00:25:37.534808
65,l49u,", successfully has new scan date recorded for, 2021-11-07",2022-02-04 00:25:37.534808
66,l49t,", successfully has new scan date recorded for, 2021-11-07",2022-02-04 00:25:37.534808
67,5m2p,", successfully has new scan date recorded for, 2021-11-07",2022-02-04 00:25:37.534808
68,5m1h,", successfully has new scan date recorded for, 2021-11-07",2022-02-04 00:25:37.534808
69,l4ii,", successfully has new scan date recorded for, 2021-11-07",2022-02-04 00:25:37.534808
70,aosi,", successfully has new scan date recorded for, 2021-11-07",2022-02-04 00:25:37.534808
71,5m1c,", successfully has new scan date recorded for, 2021-11-07",2022-02-04 00:25:37.534808
