1kp3, going forward on row,411,,,,
1kp3, found by createProdDict,,,,,
1kp3, is having scan date added,,,,,
1kp3, new scan date, 2021-11-07 added,,,,
1kp3, matches url,,,,,
33fq, going forward on row,275,,,,
33fq, found by createProdDict,,,,,
33fq, is having scan date added,,,,,
33fq, new scan date, 2021-11-07 added,,,,
33fq, matches url,,,,,
3h0k, going forward on row,267,,,,
3h0k, not found; timeout exception,,,,,
3hqn, going forward on row,421,,,,
3hqn, found by createProdDict,,,,,
3hqn, is having scan date added,,,,,
3hqn, new scan date, 2021-11-07 added,,,,
3hqn, matches url,,,,,
3ica, going forward on row,22,,,,
3ica, is having scan date added,,,,,
3ica, new scan date, 2021-11-07 added,,,,
3ica, matches url,,,,,
3ica found by createProdDict,,,,,,
3nlf, going forward on row,276,,,,
3nlf, found by createProdDict,,,,,
3nlf, is having scan date added,,,,,
3nlf, new scan date, 2021-11-07 added,,,,
3nlf, matches url,,,,,
3okt, going forward on row,515,,,,
3okt, found by createProdDict,,,,,
3okt, does not have a scan log,,,,,
3okt, matches url,,,,,
3r3i, going forward on row,233,,,,
3r3i, found by createProdDict,,,,,
3r3i, is having scan date added,,,,,
3r3i, new scan date, 2021-11-07 added,,,,
3r3i, matches url,,,,,
3r3j, going forward on row,439,,,,
3r3j, found by createProdDict,,,,,
3r3j, is having scan date added,,,,,
3r3j, new scan date, 2021-11-07 added,,,,
3r3j, matches url,,,,,
3r3q, going forward on row,282,,,,
3r3q, found by createProdDict,,,,,
3r3q, is having scan date added,,,,,
3r3q, new scan date, 2021-11-07 added,,,,
3r3q, matches url,,,,,
3r40, going forward on row,495,,,,
3r40, found by createProdDict,,,,,
3r40, is having scan date added,,,,,
3r40, new scan date, 2021-11-07 added,,,,
3r40, matches url,,,,,
3r5e, going forward on row,204,,,,
3r5e, found by createProdDict,,,,,
3r5e, is having scan date added,,,,,
3r5e, new scan date, 2021-11-07 added,,,,
3r5e, matches url,,,,,
3rt1, going forward on row,529,,,,
3rt1, found by createProdDict,,,,,
3rt1, is having scan date added,,,,,
3rt1, new scan date, 2021-11-07 added,,,,
3rt1, matches url,,,,,
3vu2, going forward on row,513,,,,
3vu2, found by createProdDict,,,,,
3vu2, is having scan date added,,,,,
3vu2, new scan date, 2021-11-07 added,,,,
3vu2, matches url,,,,,
3vub, going forward on row,261,,,,
3vub, found by createProdDict,,,,,
3vub, is having scan date added,,,,,
3vub, new scan date, 2021-11-07 added,,,,
3vub, matches url,,,,,
3vuc, going forward on row,409,,,,
3vuc, found by createProdDict,,,,,
3vuc, is having scan date added,,,,,
3vuc, new scan date, 2021-11-07 added,,,,
3vuc, matches url,,,,,
3vue, going forward on row,258,,,,
3vue, found by createProdDict,,,,,
3vue, is having scan date added,,,,,
3vue, new scan date, 2021-11-07 added,,,,
3vue, matches url,,,,,
3vv7, going forward on row,507,,,,
3vv7, not found; timeout exception,,,,,
3wcl, going forward on row,273,,,,
3wcl, found by createProdDict,,,,,
3wcl, is having scan date added,,,,,
3wcl, new scan date, 2021-11-07 added,,,,
3wcl, matches url,,,,,
44as, going forward on row,392,,,,
44as, not found; timeout exception,,,,,
4lge, going forward on row,434,,,,
4lge, not found; timeout exception,,,,,
51ws, going forward on row,106,,,,
51ws, found by createProdDict,,,,,
51ws, does not have a scan log,,,,,
51ws, matches url,,,,,
51x6, going forward on row,107,,,,
51x6, found by createProdDict,,,,,
51x6, does not have a scan log,,,,,
51x6, matches url,,,,,
5l25, going forward on row,54,,,,
5l25, found by createProdDict,,,,,
5l25, is having scan date added,,,,,
5l25, new scan date, 2021-11-07 added,,,,
5l25, matches url,,,,,
5lwn, going forward on row,116,,,,
5lwn, found by createProdDict,,,,,
5lwn, is having scan date added,,,,,
5lwn, new scan date, 2021-11-07 added,,,,
5lwn, matches url,,,,,
5lwp, going forward on row,108,,,,
5lwp, found by createProdDict,,,,,
5lwp, is having scan date added,,,,,
5lwp, new scan date, 2021-11-07 added,,,,
5lwp, matches url,,,,,
5lwt, going forward on row,555,,,,
5lwt, found by createProdDict,,,,,
5lwt, is having scan date added,,,,,
5lwt, new scan date, 2021-11-07 added,,,,
5lwt, matches url,,,,,
5lww, going forward on row,479,,,,
5lww, found by createProdDict,,,,,
5lww, does not have a scan log,,,,,
5lww, matches url,,,,,
5lww, going forward on row,479,,,,
5lww, found by createProdDict,,,,,
5lww, does not have a scan log,,,,,
5lww, matches url,,,,,
5lx2, going forward on row,141,,,,
5lx2, found by createProdDict,,,,,
5lx2, is having scan date added,,,,,
5lx2, new scan date, 2021-11-07 added,,,,
5lx2, matches url,,,,,
5lx3, going forward on row,198,,,,
5lx3, found by createProdDict,,,,,
5lx3, already has scan date recorded,2021-11-07,,,,
5lx3, matches url,,,,,
5lx5, going forward on row,29,,,,
5lx5, found by createProdDict,,,,,
5lx5, is having scan date added,,,,,
5lx5, new scan date, 2021-11-07 added,,,,
5lx5, matches url,,,,,
5lx7, going forward on row,30,,,,
5lx7, found by createProdDict,,,,,
5lx7, is having scan date added,,,,,
5lx7, new scan date, 2021-11-07 added,,,,
5lx7, matches url,,,,,
5lx9, going forward on row,120,,,,
5lx9, found by createProdDict,,,,,
5lx9, is having scan date added,,,,,
5lx9, new scan date, 2021-11-07 added,,,,
5lx9, matches url,,,,,
5lxa, going forward on row,121,,,,
5lxa, found by createProdDict,,,,,
5lxa, is having scan date added,,,,,
5lxa, new scan date, 2021-11-07 added,,,,
5lxa, matches url,,,,,
5lxe, going forward on row,117,,,,
5lxe, found by createProdDict,,,,,
5lxe, is having scan date added,,,,,
5lxe, new scan date, 2021-11-07 added,,,,
5lxe, matches url,,,,,
5lxf, going forward on row,51,,,,
5lxf, found by createProdDict,,,,,
5lxf, is having scan date added,,,,,
5lxf, new scan date, 2021-11-07 added,,,,
5lxf, matches url,,,,,
5lxh, going forward on row,114,,,,
5lxh, found by createProdDict,,,,,
5lxh, is having scan date added,,,,,
5lxh, new scan date, 2021-11-07 added,,,,
5lxh, matches url,,,,,
5lxi, going forward on row,57,,,,
5lxi, found by createProdDict,,,,,
5lxi, is having scan date added,,,,,
5lxi, new scan date, 2021-11-07 added,,,,
5lxi, matches url,,,,,
5lxn, going forward on row,265,,,,
5lxn, found by createProdDict,,,,,
5lxn, is having scan date added,,,,,
5lxn, new scan date, 2021-11-07 added,,,,
5lxn, matches url,,,,,
5lxo, going forward on row,25,,,,
5lxo, is having scan date added,,,,,
5lxo, new scan date, 2021-11-07 added,,,,
5lxo, matches url,,,,,
5lxo found by createProdDict,,,,,,
5lxu, going forward on row,123,,,,
5lxu, found by createProdDict,,,,,
5lxu, is having scan date added,,,,,
5lxu, new scan date, 2021-11-07 added,,,,
5lxu, matches url,,,,,
5lxx, going forward on row,146,,,,
5lxx, found by createProdDict,,,,,
5lxx, is having scan date added,,,,,
5lxx, new scan date, 2021-11-07 added,,,,
5lxx, matches url,,,,,
5ly0, going forward on row,110,,,,
5ly0, found by createProdDict,,,,,
5ly0, is having scan date added,,,,,
5ly0, new scan date, 2021-11-07 added,,,,
5ly0, matches url,,,,,
5ly2, going forward on row,449,,,,
5ly2, found by createProdDict,,,,,
5ly2, is having scan date added,,,,,
5ly2, new scan date, 2021-11-07 added,,,,
5ly2, matches url,,,,,
5ly4, going forward on row,404,,,,
5ly4, found by createProdDict,,,,,
5ly4, is having scan date added,,,,,
5ly4, new scan date, 2021-11-07 added,,,,
5ly4, matches url,,,,,
5ly6, going forward on row,530,,,,
5ly6, found by createProdDict,,,,,
5ly6, is having scan date added,,,,,
5ly6, new scan date, 2021-11-07 added,,,,
5ly6, matches url,,,,,
5lyb, going forward on row,189,,,,
5lyb, found by createProdDict,,,,,
5lyb, is having scan date added,,,,,
5lyb, new scan date, 2021-11-07 added,,,,
5lyb, matches url,,,,,
5lyi, going forward on row,125,,,,
5lyi, found by createProdDict,,,,,
5lyi, does not have a scan log,,,,,
5lyi, matches url,,,,,
5lym, going forward on row,403,,,,
5lym, found by createProdDict,,,,,
5lym, is having scan date added,,,,,
5lym, new scan date, 2021-11-07 added,,,,
5lym, matches url,,,,,
5lyo, going forward on row,124,,,,
5lyo, found by createProdDict,,,,,
5lyo, is having scan date added,,,,,
5lyo, new scan date, 2021-11-07 added,,,,
5lyo, matches url,,,,,
5lyp, going forward on row,410,,,,
5lyp, found by createProdDict,,,,,
5lyp, is having scan date added,,,,,
5lyp, new scan date, 2021-11-07 added,,,,
5lyp, matches url,,,,,
5lyq, going forward on row,420,,,,
5lyq, found by createProdDict,,,,,
5lyq, is having scan date added,,,,,
5lyq, new scan date, 2021-11-07 added,,,,
5lyq, matches url,,,,,
5lyr, going forward on row,528,,,,
5lyr, found by createProdDict,,,,,
5lyr, is having scan date added,,,,,
5lyr, new scan date, 2021-11-07 added,,,,
5lyr, matches url,,,,,
5lys, going forward on row,397,,,,
5lys, found by createProdDict,,,,,
5lys, is having scan date added,,,,,
5lys, new scan date, 2021-11-07 added,,,,
5lys, matches url,,,,,
5lyt, going forward on row,509,,,,
5lyt, found by createProdDict,,,,,
5lyt, is having scan date added,,,,,
5lyt, new scan date, 2021-11-07 added,,,,
5lyt, matches url,,,,,
5lyu, going forward on row,254,,,,
5lyu, found by createProdDict,,,,,
5lyu, is having scan date added,,,,,
5lyu, new scan date, 2021-11-07 added,,,,
5lyu, matches url,,,,,
5lyv, going forward on row,532,,,,
5lyv, found by createProdDict,,,,,
5lyv, is having scan date added,,,,,
5lyv, new scan date, 2021-11-07 added,,,,
5lyv, matches url,,,,,
5lyz, going forward on row,401,,,,
5lyz, found by createProdDict,,,,,
5lyz, is having scan date added,,,,,
5lyz, new scan date, 2021-11-07 added,,,,
5lyz, matches url,,,,,
5lz2, going forward on row,271,,,,
5lz2, found by createProdDict,,,,,
5lz2, is having scan date added,,,,,
5lz2, new scan date, 2021-11-07 added,,,,
5lz2, matches url,,,,,
5lzc, going forward on row,525,,,,
5lzc, found by createProdDict,,,,,
5lzc, is having scan date added,,,,,
5lzc, new scan date, 2021-11-07 added,,,,
5lzc, matches url,,,,,
5lzj, going forward on row,248,,,,
5lzj, found by createProdDict,,,,,
5lzj, is having scan date added,,,,,
5lzj, new scan date, 2021-11-07 added,,,,
5lzj, matches url,,,,,
5lzk, going forward on row,112,,,,
5lzk, found by createProdDict,,,,,
5lzk, is having scan date added,,,,,
5lzk, new scan date, 2021-11-07 added,,,,
5lzk, matches url,,,,,
5lzq, going forward on row,413,,,,
5lzq, found by createProdDict,,,,,
5lzq, is having scan date added,,,,,
5lzq, new scan date, 2021-11-07 added,,,,
5lzq, matches url,,,,,
5lzu, going forward on row,521,,,,
5lzu, found by createProdDict,,,,,
5lzu, is having scan date added,,,,,
5lzu, new scan date, 2021-11-07 added,,,,
5lzu, matches url,,,,,
5m04, going forward on row,514,,,,
5m04, found by createProdDict,,,,,
5m04, is having scan date added,,,,,
5m04, new scan date, 2021-11-07 added,,,,
5m04, matches url,,,,,
5m0d, going forward on row,520,,,,
5m0d, found by createProdDict,,,,,
5m0d, is having scan date added,,,,,
5m0d, new scan date, 2021-11-07 added,,,,
5m0d, matches url,,,,,
5m0f, going forward on row,113,,,,
5m0f, found by createProdDict,,,,,
5m0f, is having scan date added,,,,,
5m0f, new scan date, 2021-11-07 added,,,,
5m0f, matches url,,,,,
5m0g, going forward on row,499,,,,
5m0g, found by createProdDict,,,,,
5m0g, is having scan date added,,,,,
5m0g, new scan date, 2021-11-07 added,,,,
5m0g, matches url,,,,,
5m0k, going forward on row,502,,,,
5m0k, found by createProdDict,,,,,
5m0k, is having scan date added,,,,,
5m0k, new scan date, 2021-11-07 added,,,,
5m0k, matches url,,,,,
5m0m, going forward on row,417,,,,
5m0m, found by createProdDict,,,,,
5m0m, is having scan date added,,,,,
5m0m, new scan date, 2021-11-07 added,,,,
5m0m, matches url,,,,,
5m0o, going forward on row,531,,,,
5m0o, found by createProdDict,,,,,
5m0o, is having scan date added,,,,,
5m0o, new scan date, 2021-11-07 added,,,,
5m0o, matches url,,,,,
5m0q, going forward on row,501,,,,
5m0q, found by createProdDict,,,,,
5m0q, is having scan date added,,,,,
5m0q, new scan date, 2021-11-07 added,,,,
5m0q, matches url,,,,,
5m0s, going forward on row,408,,,,
5m0s, found by createProdDict,,,,,
5m0s, is having scan date added,,,,,
5m0s, new scan date, 2021-11-07 added,,,,
5m0s, matches url,,,,,
5m0t, going forward on row,412,,,,
5m0t, found by createProdDict,,,,,
5m0t, is having scan date added,,,,,
5m0t, new scan date, 2021-11-07 added,,,,
5m0t, matches url,,,,,
5m12, going forward on row,105,,,,
5m12, found by createProdDict,,,,,
5m12, is having scan date added,,,,,
5m12, new scan date, 2021-11-07 added,,,,
5m12, matches url,,,,,
5m1c, going forward on row,564,,,,
5m1c, found by createProdDict,,,,,
5m1c, is having scan date added,,,,,
5m1c, new scan date, 2021-11-07 added,,,,
5m1c, matches url,,,,,
5m1d, going forward on row,554,,,,
5m1d, found by createProdDict,,,,,
5m1d, is having scan date added,,,,,
5m1d, new scan date, 2021-11-07 added,,,,
5m1d, matches url,,,,,
5m1e, going forward on row,547,,,,
5m1e, found by createProdDict,,,,,
5m1e, is having scan date added,,,,,
5m1e, new scan date, 2021-11-07 added,,,,
5m1e, matches url,,,,,
5m1f, going forward on row,548,,,,
5m1f, found by createProdDict,,,,,
5m1f, is having scan date added,,,,,
5m1f, new scan date, 2021-11-07 added,,,,
5m1f, matches url,,,,,
5m1g, going forward on row,551,,,,
5m1g, found by createProdDict,,,,,
5m1g, is having scan date added,,,,,
5m1g, new scan date, 2021-11-07 added,,,,
5m1g, matches url,,,,,
5m1h, going forward on row,561,,,,
5m1h, found by createProdDict,,,,,
5m1h, is having scan date added,,,,,
5m1h, new scan date, 2021-11-07 added,,,,
5m1h, matches url,,,,,
5m1k, going forward on row,183,,,,
5m1k, found by createProdDict,,,,,
5m1k, is having scan date added,,,,,
5m1k, new scan date, 2021-11-07 added,,,,
5m1k, matches url,,,,,
5m1p, going forward on row,109,,,,
5m1p, found by createProdDict,,,,,
5m1p, is having scan date added,,,,,
5m1p, new scan date, 2021-11-07 added,,,,
5m1p, matches url,,,,,
5m1p, going forward on row,109,,,,
5m1p, found by createProdDict,,,,,
5m1p, already has scan date recorded,2021-11-07,,,,
5m1p, matches url,,,,,
5m1x, going forward on row,556,,,,
5m1x, found by createProdDict,,,,,
5m1x, is having scan date added,,,,,
5m1x, new scan date, 2021-11-07 added,,,,
5m1x, matches url,,,,,
5m1y, going forward on row,553,,,,
5m1y, found by createProdDict,,,,,
5m1y, is having scan date added,,,,,
5m1y, new scan date, 2021-11-07 added,,,,
5m1y, matches url,,,,,
5m23, going forward on row,56,,,,
5m23, found by createProdDict,,,,,
5m23, is having scan date added,,,,,
5m23, new scan date, 2021-11-07 added,,,,
5m23, matches url,,,,,
5m2f, going forward on row,399,,,,
5m2f, found by createProdDict,,,,,
5m2f, is having scan date added,,,,,
5m2f, new scan date, 2021-11-07 added,,,,
5m2f, matches url,,,,,
5m2g, going forward on row,414,,,,
5m2g, found by createProdDict,,,,,
5m2g, is having scan date added,,,,,
5m2g, new scan date, 2021-11-07 added,,,,
5m2g, matches url,,,,,
5m2h, going forward on row,419,,,,
5m2h, found by createProdDict,,,,,
5m2h, is having scan date added,,,,,
5m2h, new scan date, 2021-11-07 added,,,,
5m2h, matches url,,,,,
5m2o, going forward on row,522,,,,
5m2o, found by createProdDict,,,,,
5m2o, is having scan date added,,,,,
5m2o, new scan date, 2021-11-07 added,,,,
5m2o, matches url,,,,,
5m2p, going forward on row,560,,,,
5m2p, found by createProdDict,,,,,
5m2p, is having scan date added,,,,,
5m2p, new scan date, 2021-11-07 added,,,,
5m2p, matches url,,,,,
5m2r, going forward on row,549,,,,
5m2r, found by createProdDict,,,,,
5m2r, is having scan date added,,,,,
5m2r, new scan date, 2021-11-07 added,,,,
5m2r, matches url,,,,,
5m2s, going forward on row,53,,,,
5m2s, found by createProdDict,,,,,
5m2s, does not have a scan log,,,,,
5m2s, matches url,,,,,
5m2y, going forward on row,27,,,,
5m2y, found by createProdDict,,,,,
5m2y, is having scan date added,,,,,
5m2y, new scan date, 2021-11-07 added,,,,
5m2y, matches url,,,,,
5m2z,going,forward,on,row,13,
5m2z,found,by,createProdDict,,,
5m2z,matches,url,,,,
5m2zis,having,scan,date,added,,
5m31, going forward on row,85,,,,
5m31, found by createProdDict,,,,,
5m31, does not have a scan log,,,,,
5m31, matches url,,,,,
5m32,going,forward,on,row,15,
5m32,found,by,createProdDict,,,
5m32,matches,url,,,,
5m32is,having,scan,date,added,,
5m38, going forward on row,81,,,,
5m38, found by createProdDict,,,,,
5m38, is having scan date added,,,,,
5m38, new scan date, 2021-11-07 added,,,,
5m38, matches url,,,,,
5m3o, going forward on row,28,,,,
5m3o, found by createProdDict,,,,,
5m3o, is having scan date added,,,,,
5m3o, new scan date, 2021-11-07 added,,,,
5m3o, matches url,,,,,
5m3p, going forward on row,537,,,,
5m3p, found by createProdDict,,,,,
5m3p, is having scan date added,,,,,
5m3p, new scan date, 2021-11-07 added,,,,
5m3p, matches url,,,,,
5m40, going forward on row,197,,,,
5m40, found by createProdDict,,,,,
5m40, is having scan date added,,,,,
5m40, new scan date, 2021-11-07 added,,,,
5m40, matches url,,,,,
5m41, going forward on row,196,,,,
5m41, found by createProdDict,,,,,
5m41, is having scan date added,,,,,
5m41, new scan date, 2021-11-07 added,,,,
5m41, matches url,,,,,
5m45, going forward on row,485,,,,
5m45, found by createProdDict,,,,,
5m45, is having scan date added,,,,,
5m45, new scan date, 2021-11-07 added,,,,
5m45, matches url,,,,,
5m46, going forward on row,487,,,,
5m46, found by createProdDict,,,,,
5m46, is having scan date added,,,,,
5m46, new scan date, 2021-11-07 added,,,,
5m46, matches url,,,,,
5m49, going forward on row,512,,,,
5m49, found by createProdDict,,,,,
5m49, is having scan date added,,,,,
5m49, new scan date, 2021-11-07 added,,,,
5m49, matches url,,,,,
5m50, going forward on row,100,,,,
5m50, found by createProdDict,,,,,
5m50, is having scan date added,,,,,
5m50, new scan date, 2021-11-07 added,,,,
5m50, matches url,,,,,
5m50, going forward on row,223,,,,
5m50, found by createProdDict,,,,,
5m50, already has scan date recorded,2021-11-07,,,,
5m50, matches url,,,,,
5m51, going forward on row,98,,,,
5m51, found by createProdDict,,,,,
5m51, is having scan date added,,,,,
5m51, new scan date, 2021-11-07 added,,,,
5m51, matches url,,,,,
5m52, going forward on row,128,,,,
5m52, found by createProdDict,,,,,
5m52, is having scan date added,,,,,
5m52, new scan date, 2021-11-07 added,,,,
5m52, matches url,,,,,
5m57, going forward on row,246,,,,
5m57, found by createProdDict,,,,,
5m57, does not have a scan log,,,,,
5m57, matches url,,,,,
5m59, going forward on row,222,,,,
5m59, found by createProdDict,,,,,
5m59, does not have a scan log,,,,,
5m59, matches url,,,,,
5m5f, going forward on row,497,,,,
5m5f, found by createProdDict,,,,,
5m5f, is having scan date added,,,,,
5m5f, new scan date, 2021-11-07 added,,,,
5m5f, matches url,,,,,
5m5g, going forward on row,334,,,,
5m5g, found by createProdDict,,,,,
5m5g, is having scan date added,,,,,
5m5g, new scan date, 2021-11-07 added,,,,
5m5g, matches url,,,,,
5m5k, going forward on row,237,,,,
5m5k, found by createProdDict,,,,,
5m5k, is having scan date added,,,,,
5m5k, new scan date, 2021-11-07 added,,,,
5m5k, matches url,,,,,
5m5l, going forward on row,148,,,,
5m5l, found by createProdDict,,,,,
5m5l, is having scan date added,,,,,
5m5l, new scan date, 2021-11-07 added,,,,
5m5l, matches url,,,,,
5m5m, going forward on row,227,,,,
5m5m, found by createProdDict,,,,,
5m5m, is having scan date added,,,,,
5m5m, new scan date, 2021-11-07 added,,,,
5m5m, matches url,,,,,
5m5n, going forward on row,228,,,,
5m5n, found by createProdDict,,,,,
5m5n, is having scan date added,,,,,
5m5n, new scan date, 2021-11-07 added,,,,
5m5n, matches url,,,,,
5m5s, going forward on row,231,,,,
5m5s, found by createProdDict,,,,,
5m5s, does not have a scan log,,,,,
5m5s, matches url,,,,,
5m60, going forward on row,236,,,,
5m60, found by createProdDict,,,,,
5m60, is having scan date added,,,,,
5m60, new scan date, 2021-11-07 added,,,,
5m60, matches url,,,,,
5m60, going forward on row,243,,,,
5m60, found by createProdDict,,,,,
5m60, already has scan date recorded,2021-11-07,,,,
5m60, matches url,,,,,
5m61, going forward on row,229,,,,
5m61, found by createProdDict,,,,,
5m61, is having scan date added,,,,,
5m61, new scan date, 2021-11-07 added,,,,
5m61, matches url,,,,,
5m63, going forward on row,147,,,,
5m63, found by createProdDict,,,,,
5m63, is having scan date added,,,,,
5m63, new scan date, 2021-11-07 added,,,,
5m63, matches url,,,,,
5m67, going forward on row,247,,,,
5m67, found by createProdDict,,,,,
5m67, is having scan date added,,,,,
5m67, new scan date, 2021-11-07 added,,,,
5m67, matches url,,,,,
5m69, going forward on row,224,,,,
5m69, found by createProdDict,,,,,
5m69, is having scan date added,,,,,
5m69, new scan date, 2021-11-07 added,,,,
5m69, matches url,,,,,
5m6b, going forward on row,226,,,,
5m6b, found by createProdDict,,,,,
5m6b, is having scan date added,,,,,
5m6b, new scan date, 2021-11-07 added,,,,
5m6b, matches url,,,,,
5m6f, going forward on row,230,,,,
5m6f, found by createProdDict,,,,,
5m6f, is having scan date added,,,,,
5m6f, new scan date, 2021-11-07 added,,,,
5m6f, matches url,,,,,
5m6g, going forward on row,245,,,,
5m6g, found by createProdDict,,,,,
5m6g, is having scan date added,,,,,
5m6g, new scan date, 2021-11-07 added,,,,
5m6g, matches url,,,,,
5m6h, going forward on row,190,,,,
5m6h, found by createProdDict,,,,,
5m6h, is having scan date added,,,,,
5m6h, new scan date, 2021-11-07 added,,,,
5m6h, matches url,,,,,
5m6i, going forward on row,244,,,,
5m6i, found by createProdDict,,,,,
5m6i, does not have a scan log,,,,,
5m6i, matches url,,,,,
5m6j, going forward on row,232,,,,
5m6j, found by createProdDict,,,,,
5m6j, is having scan date added,,,,,
5m6j, new scan date, 2021-11-07 added,,,,
5m6j, matches url,,,,,
5m6k, going forward on row,239,,,,
5m6k, found by createProdDict,,,,,
5m6k, is having scan date added,,,,,
5m6k, new scan date, 2021-11-07 added,,,,
5m6k, matches url,,,,,
5m6l, going forward on row,241,,,,
5m6l, found by createProdDict,,,,,
5m6l, is having scan date added,,,,,
5m6l, new scan date, 2021-11-07 added,,,,
5m6l, matches url,,,,,
5m6p, going forward on row,238,,,,
5m6p, found by createProdDict,,,,,
5m6p, is having scan date added,,,,,
5m6p, new scan date, 2021-11-07 added,,,,
5m6p, matches url,,,,,
5m6q, going forward on row,240,,,,
5m6q, found by createProdDict,,,,,
5m6q, is having scan date added,,,,,
5m6q, new scan date, 2021-11-07 added,,,,
5m6q, matches url,,,,,
5m6s, going forward on row,149,,,,
5m6s, found by createProdDict,,,,,
5m6s, is having scan date added,,,,,
5m6s, new scan date, 2021-11-07 added,,,,
5m6s, matches url,,,,,
5m6v, going forward on row,182,,,,
5m6v, found by createProdDict,,,,,
5m6v, is having scan date added,,,,,
5m6v, new scan date, 2021-11-07 added,,,,
5m6v, matches url,,,,,
5m6y, going forward on row,462,,,,
5m6y, found by createProdDict,,,,,
5m6y, is having scan date added,,,,,
5m6y, new scan date, 2021-11-07 added,,,,
5m6y, matches url,,,,,
5m6z, going forward on row,88,,,,
5m6z, found by createProdDict,,,,,
5m6z, is having scan date added,,,,,
5m6z, new scan date, 2021-11-07 added,,,,
5m6z, matches url,,,,,
5m71, going forward on row,72,,,,
5m71, found by createProdDict,,,,,
5m71, is having scan date added,,,,,
5m71, new scan date, 2021-11-07 added,,,,
5m71, matches url,,,,,
5m73, going forward on row,382,,,,
5m73, found by createProdDict,,,,,
5m73, is having scan date added,,,,,
5m73, new scan date, 2021-11-07 added,,,,
5m73, matches url,,,,,
5m74, going forward on row,381,,,,
5m74, found by createProdDict,,,,,
5m74, is having scan date added,,,,,
5m74, new scan date, 2021-11-07 added,,,,
5m74, matches url,,,,,
5m78, going forward on row,341,,,,
5m78, found by createProdDict,,,,,
5m78, is having scan date added,,,,,
5m78, new scan date, 2021-11-07 added,,,,
5m78, matches url,,,,,
5m79, going forward on row,342,,,,
5m79, found by createProdDict,,,,,
5m79, is having scan date added,,,,,
5m79, new scan date, 2021-11-07 added,,,,
5m79, matches url,,,,,
5m7e, going forward on row,464,,,,
5m7e, found by createProdDict,,,,,
5m7e, is having scan date added,,,,,
5m7e, new scan date, 2021-11-07 added,,,,
5m7e, matches url,,,,,
5m7g, going forward on row,308,,,,
5m7g, found by createProdDict,,,,,
5m7g, is having scan date added,,,,,
5m7g, new scan date, 2021-11-07 added,,,,
5m7g, matches url,,,,,
5m7h, going forward on row,318,,,,
5m7h, found by createProdDict,,,,,
5m7h, is having scan date added,,,,,
5m7h, new scan date, 2021-11-07 added,,,,
5m7h, matches url,,,,,
5m7i, going forward on row,456,,,,
5m7i, found by createProdDict,,,,,
5m7i, is having scan date added,,,,,
5m7i, new scan date, 2021-11-07 added,,,,
5m7i, matches url,,,,,
5m9d, going forward on row,332,,,,
5m9d, found by createProdDict,,,,,
5m9d, is having scan date added,,,,,
5m9d, new scan date, 2021-11-07 added,,,,
5m9d, matches url,,,,,
5m9k, going forward on row,331,,,,
5m9k, found by createProdDict,,,,,
5m9k, is having scan date added,,,,,
5m9k, new scan date, 2021-11-07 added,,,,
5m9k, matches url,,,,,
5m9l, going forward on row,508,,,,
5m9l, found by createProdDict,,,,,
5m9l, is having scan date added,,,,,
5m9l, new scan date, 2021-11-07 added,,,,
5m9l, matches url,,,,,
5m9p, going forward on row,301,,,,
5m9p, found by createProdDict,,,,,
5m9p, is having scan date added,,,,,
5m9p, new scan date, 2021-11-07 added,,,,
5m9p, matches url,,,,,
5m9v, going forward on row,91,,,,
5m9v, found by createProdDict,,,,,
5m9v, is having scan date added,,,,,
5m9v, new scan date, 2021-11-07 added,,,,
5m9v, matches url,,,,,
5m9w, going forward on row,92,,,,
5m9w, found by createProdDict,,,,,
5m9w, is having scan date added,,,,,
5m9w, new scan date, 2021-11-07 added,,,,
5m9w, matches url,,,,,
5ma2, going forward on row,453,,,,
5ma2, found by createProdDict,,,,,
5ma2, is having scan date added,,,,,
5ma2, new scan date, 2021-11-07 added,,,,
5ma2, matches url,,,,,
5ma5, going forward on row,316,,,,
5ma5, found by createProdDict,,,,,
5ma5, is having scan date added,,,,,
5ma5, new scan date, 2021-11-07 added,,,,
5ma5, matches url,,,,,
5mac, going forward on row,444,,,,
5mac, found by createProdDict,,,,,
5mac, is having scan date added,,,,,
5mac, new scan date, 2021-11-07 added,,,,
5mac, matches url,,,,,
5mad, going forward on row,435,,,,
5mad, found by createProdDict,,,,,
5mad, is having scan date added,,,,,
5mad, new scan date, 2021-11-07 added,,,,
5mad, matches url,,,,,
5mae, going forward on row,436,,,,
5mae, found by createProdDict,,,,,
5mae, is having scan date added,,,,,
5mae, new scan date, 2021-11-07 added,,,,
5mae, matches url,,,,,
5mis, going forward on row,118,,,,
5mis, not found; timeout exception,,,,,
5mit, going forward on row,119,,,,
5mit, not found; timeout exception,,,,,
5mo1, going forward on row,259,,,,
5mo1, not found; timeout exception,,,,,
5mou, going forward on row,36,,,,
5mou, found by createProdDict,,,,,
5mou, is having scan date added,,,,,
5mou, new scan date, 2021-11-07 added,,,,
5mou, matches url,,,,,
5mou, going forward on row,36,,,,
5mou, found by createProdDict,,,,,
5mou, already has scan date recorded,2021-11-07,,,,
5mou, matches url,,,,,
5mov, going forward on row,34,,,,
5mov, found by createProdDict,,,,,
5mov, is having scan date added,,,,,
5mov, new scan date, 2021-11-07 added,,,,
5mov, matches url,,,,,
5mov, going forward on row,34,,,,
5mov, found by createProdDict,,,,,
5mov, already has scan date recorded,2021-11-07,,,,
5mov, matches url,,,,,
5msn, going forward on row,510,,,,
5msn, found by createProdDict,,,,,
5msn, does not have a scan log,,,,,
5msn, matches url,,,,,
5msp, going forward on row,235,,,,
5msp, found by createProdDict,,,,,
5msp, does not have a scan log,,,,,
5msp, matches url,,,,,
5msv, going forward on row,225,,,,
5msv, found by createProdDict,,,,,
5msv, does not have a scan log,,,,,
5msv, matches url,,,,,
5n34, going forward on row,461,,,,
5n34, not found; timeout exception,,,,,
8aiu, going forward on row,24,,,,
8aiu, does not have a scan log,,,,,
8aiu, matches url,,,,,
8aiu found by createProdDict,,,,,,
9nym, going forward on row,67,,,,
9nym, not found; timeout exception,,,,,
9nym, going forward on row,67,,,,
9nym, not found; timeout exception,,,,,
9nym, going forward on row,67,,,,
acae, going forward on row,443,,,,
acae, found by createProdDict,,,,,
acae, is having scan date added,,,,,
acae, new scan date, 2021-11-07 added,,,,
acae, matches url,,,,,
agxk, going forward on row,440,,,,
agxk, found by createProdDict,,,,,
agxk, is having scan date added,,,,,
agxk, new scan date, 2021-11-07 added,,,,
agxk, matches url,,,,,
ajvi, found by createProdDict,,,,,
ajvi, is having scan date added,,,,,
ajvi, new scan date, 2021-11-07 added,,,,
ajvi, matches url,,,,,
am0f, going forward on row,446,,,,
am0f, found by createProdDict,,,,,
am0f, does not have a scan log,,,,,
am0f, matches url,,,,,
am42, going forward on row,390,,,,
am42, found by createProdDict,,,,,
am42, is having scan date added,,,,,
am42, new scan date, 2021-11-07 added,,,,
am42, matches url,,,,,
anyp, going forward on row,95,,,,
anyp, found by createProdDict,,,,,
anyp, is having scan date added,,,,,
anyp, new scan date, 2021-11-07 added,,,,
anyp, matches url,,,,,
ao3p, going forward on row,96,,,,
ao3p, found by createProdDict,,,,,
ao3p, is having scan date added,,,,,
ao3p, new scan date, 2021-11-07 added,,,,
ao3p, matches url,,,,,
aokh, going forward on row,540,,,,
aokh, found by createProdDict,,,,,
aokh, is having scan date added,,,,,
aokh, new scan date, 2021-11-07 added,,,,
aokh, matches url,,,,,
aons, going forward on row,460,,,,
aons, found by createProdDict,,,,,
aons, is having scan date added,,,,,
aons, new scan date, 2021-11-07 added,,,,
aons, matches url,,,,,
aosi, going forward on row,563,,,,
aosi, found by createProdDict,,,,,
aosi, is having scan date added,,,,,
aosi, new scan date, 2021-11-07 added,,,,
aosi, matches url,,,,,
aosj, going forward on row,389,,,,
aosj, found by createProdDict,,,,,
aosj, is having scan date added,,,,,
aosj, new scan date, 2021-11-07 added,,,,
aosj, matches url,,,,,
ap9c, going forward on row,545,,,,
ap9c, found by createProdDict,,,,,
ap9c, is having scan date added,,,,,
ap9c, new scan date, 2021-11-07 added,,,,
ap9c, matches url,,,,,
ario, going forward on row,40,,,,
ario, not found; timeout exception,,,,,
asoc, going forward on row,38,,,,
asoc, found by createProdDict,,,,,
asoc, is having scan date added,,,,,
asoc, new scan date, 2021-11-07 added,,,,
asoc, matches url,,,,,
asoc, going forward on row,38,,,,
asoc, found by createProdDict,,,,,
asoc, already has scan date recorded,2021-11-07,,,,
asoc, matches url,,,,,
asoc, going forward on row,38,,,,
asoc, found by createProdDict,,,,,
asoc, already has scan date recorded,2021-11-07,,,,
asoc, matches url,,,,,
ausu, going forward on row,23,,,,
ausu, does not have a scan log,,,,,
ausu, matches url,,,,,
ausu found by createProdDict,,,,,,
ausv, going forward on row,21,,,,
ausv, does not have a scan log,,,,,
ausv, matches url,,,,,
ausv found by createProdDict,,,,,,
ausw, going forward on row,300,,,,
ausw, found by createProdDict,,,,,
ausw, is having scan date added,,,,,
ausw, new scan date, 2021-11-07 added,,,,
ausw, matches url,,,,,
b275,going,forward,on,row,16,
b275,found,by,createProdDict,,,
b275,matches,url,,,,
b275does,not,have,a,scan,log,
b3ot, going forward on row,31,,,,
b3ot, found by createProdDict,,,,,
b3ot, is having scan date added,,,,,
b3ot, new scan date, 2021-11-07 added,,,,
b3ot, matches url,,,,,
b5xp, going forward on row,295,,,,
b5xp, found by createProdDict,,,,,
b5xp, is having scan date added,,,,,
b5xp, new scan date, 2021-11-07 added,,,,
b5xp, matches url,,,,,
b8jh, going forward on row,327,,,,
b8jh, found by createProdDict,,,,,
b8jh, is having scan date added,,,,,
b8jh, new scan date, 2021-11-07 added,,,,
b8jh, matches url,,,,,
b8ys, going forward on row,199,,,,
b8ys, found by createProdDict,,,,,
b8ys, already has scan date recorded,2021-11-07,,,,
b8ys, matches url,,,,,
b94s, going forward on row,387,,,,
b94s, found by createProdDict,,,,,
b94s, does not have a scan log,,,,,
b94s, matches url,,,,,
b9at, going forward on row,463,,,,
b9at, found by createProdDict,,,,,
b9at, does not have a scan log,,,,,
b9at, matches url,,,,,
bflq, going forward on row,328,,,,
bflq, found by createProdDict,,,,,
bflq, is having scan date added,,,,,
bflq, new scan date, 2021-11-07 added,,,,
bflq, matches url,,,,,
bjn3, going forward on row,338,,,,
bjn3, found by createProdDict,,,,,
bjn3, is having scan date added,,,,,
bjn3, new scan date, 2021-11-07 added,,,,
bjn3, matches url,,,,,
bm68, going forward on row,287,,,,
bm68, not found; timeout exception,,,,,
bq4r, going forward on row,543,,,,
bq4r, found by createProdDict,,,,,
bq4r, is having scan date added,,,,,
bq4r, new scan date, 2021-11-07 added,,,,
bq4r, matches url,,,,,
bq4u, going forward on row,541,,,,
bq4u, found by createProdDict,,,,,
bq4u, is having scan date added,,,,,
bq4u, new scan date, 2021-11-07 added,,,,
bq4u, matches url,,,,,
brkt, going forward on row,406,,,,
brkt, found by createProdDict,,,,,
brkt, is having scan date added,,,,,
brkt, new scan date, 2021-11-07 added,,,,
brkt, matches url,,,,,
bu8x, going forward on row,76,,,,
bu8x, found by createProdDict,,,,,
bu8x, does not have a scan log,,,,,
bu8x, matches url,,,,,
buv9, going forward on row,69,,,,
buv9, found by createProdDict,,,,,
buv9, is having scan date added,,,,,
buv9, new scan date, 2021-11-07 added,,,,
buv9, matches url,,,,,
buv9, going forward on row,69,,,,
buv9, found by createProdDict,,,,,
buv9, already has scan date recorded,2021-11-07,,,,
buv9, matches url,,,,,
buv9, going forward on row,69,,,,
buv9, found by createProdDict,,,,,
buv9, already has scan date recorded,2021-11-07,,,,
buv9, matches url,,,,,
buv9, going forward on row,69,,,,
buv9, found by createProdDict,,,,,
buv9, already has scan date recorded,2021-11-07,,,,
buv9, matches url,,,,,
buv9, going forward on row,69,,,,
buv9, found by createProdDict,,,,,
buv9, already has scan date recorded,2021-11-07,,,,
buv9, matches url,,,,,
buvq, going forward on row,281,,,,
buvq, found by createProdDict,,,,,
buvq, is having scan date added,,,,,
buvq, new scan date, 2021-11-07 added,,,,
buvq, matches url,,,,,
bv2y, going forward on row,68,,,,
bv2y, found by createProdDict,,,,,
bv2y, is having scan date added,,,,,
bv2y, new scan date, 2021-11-07 added,,,,
bv2y, matches url,,,,,
bv2y, going forward on row,68,,,,
bv2y, found by createProdDict,,,,,
bv2y, already has scan date recorded,2021-11-07,,,,
bv2y, matches url,,,,,
bv2y, going forward on row,68,,,,
bv2y, found by createProdDict,,,,,
bv2y, already has scan date recorded,2021-11-07,,,,
bv2y, matches url,,,,,
bv2y, going forward on row,68,,,,
bv2y, found by createProdDict,,,,,
bv2y, already has scan date recorded,2021-11-07,,,,
bv2y, matches url,,,,,
bya8, going forward on row,394,,,,
bya8, not found; timeout exception,,,,,
cbbm, going forward on row,253,,,,
cbbm, not found; timeout exception,,,,,
cem9, going forward on row,39,,,,
cem9, found by createProdDict,,,,,
cem9, does not have a scan log,,,,,
cem9, matches url,,,,,
cf96, going forward on row,294,,,,
cf96, not found; timeout exception,,,,,
cfgt, going forward on row,277,,,,
cfgt, found by createProdDict,,,,,
cfgt, is having scan date added,,,,,
cfgt, new scan date, 2021-11-07 added,,,,
cfgt, matches url,,,,,
cfme, going forward on row,395,,,,
cfme, found by createProdDict,,,,,
cfme, is having scan date added,,,,,
cfme, new scan date, 2021-11-07 added,,,,
cfme, matches url,,,,,
chc8, going forward on row,321,,,,
chc8, found by createProdDict,,,,,
chc8, is having scan date added,,,,,
chc8, new scan date, 2021-11-07 added,,,,
chc8, matches url,,,,,
chca, going forward on row,329,,,,
chca, found by createProdDict,,,,,
chca, is having scan date added,,,,,
chca, new scan date, 2021-11-07 added,,,,
chca, matches url,,,,,
chcc, going forward on row,86,,,,
chcc, found by createProdDict,,,,,
chcc, is having scan date added,,,,,
chcc, new scan date, 2021-11-07 added,,,,
chcc, matches url,,,,,
chrr, going forward on row,333,,,,
chrr, found by createProdDict,,,,,
chrr, is having scan date added,,,,,
chrr, new scan date, 2021-11-07 added,,,,
chrr, matches url,,,,,
cmtl, going forward on row,384,,,,
cmtl, found by createProdDict,,,,,
cmtl, is having scan date added,,,,,
cmtl, new scan date, 2021-11-07 added,,,,
cmtl, matches url,,,,,
cnsu, going forward on row,335,,,,
cnsu, found by createProdDict,,,,,
cnsu, is having scan date added,,,,,
cnsu, new scan date, 2021-11-07 added,,,,
cnsu, matches url,,,,,
comn, going forward on row,385,,,,
comn, found by createProdDict,,,,,
comn, is having scan date added,,,,,
comn, new scan date, 2021-11-07 added,,,,
comn, matches url,,,,,
cosm, going forward on row,280,,,,
cosm, not found; timeout exception,,,,,
coup, going forward on row,343,,,,
coup, found by createProdDict,,,,,
coup, is having scan date added,,,,,
coup, new scan date, 2021-11-07 added,,,,
coup, matches url,,,,,
cpa1, going forward on row,188,,,,
cpa1, found by createProdDict,,,,,
cpa1, is having scan date added,,,,,
cpa1, new scan date, 2021-11-07 added,,,,
cpa1, matches url,,,,,
eiw9, going forward on row,79,,,,
eiw9, not found; timeout exception,,,,,
eiw9, going forward on row,79,,,,
eiw9, not found; timeout exception,,,,,
eiwa, going forward on row,466,,,,
eiwa, found by createProdDict,,,,,
eiwa, is having scan date added,,,,,
eiwa, new scan date, 2021-11-07 added,,,,
eiwa, matches url,,,,,
eiwc, going forward on row,469,,,,
eiwc, found by createProdDict,,,,,
eiwc, does not have a scan log,,,,,
eiwc, matches url,,,,,
eiwh, going forward on row,75,,,,
eiwh, found by createProdDict,,,,,
eiwh, is having scan date added,,,,,
eiwh, new scan date, 2021-11-07 added,,,,
eiwh, matches url,,,,,
eiwl, going forward on row,203,,,,
eiwl, found by createProdDict,,,,,
eiwl, is having scan date added,,,,,
eiwl, new scan date, 2021-11-07 added,,,,
eiwl, matches url,,,,,
eiwv, going forward on row,83,,,,
eiwv, found by createProdDict,,,,,
eiwv, is having scan date added,,,,,
eiwv, new scan date, 2021-11-07 added,,,,
eiwv, matches url,,,,,
eiwx, going forward on row,84,,,,
eiwx, found by createProdDict,,,,,
eiwx, is having scan date added,,,,,
eiwx, new scan date, 2021-11-07 added,,,,
eiwx, matches url,,,,,
f3t3, going forward on row,58,,,,
f3t3, found by createProdDict,,,,,
f3t3, is having scan date added,,,,,
f3t3, new scan date, 2021-11-07 added,,,,
f3t3, matches url,,,,,
f3t5, going forward on row,527,,,,
f3t5, found by createProdDict,,,,,
f3t5, is having scan date added,,,,,
f3t5, new scan date, 2021-11-07 added,,,,
f3t5, matches url,,,,,
f3t9, going forward on row,457,,,,
f3t9, found by createProdDict,,,,,
f3t9, does not have a scan log,,,,,
f3t9, matches url,,,,,
f3te, going forward on row,82,,,,
f3te, found by createProdDict,,,,,
f3te, is having scan date added,,,,,
f3te, new scan date, 2021-11-07 added,,,,
f3te, matches url,,,,,
f3th, going forward on row,458,,,,
f3th, found by createProdDict,,,,,
f3th, is having scan date added,,,,,
f3th, new scan date, 2021-11-07 added,,,,
f3th, matches url,,,,,
f3ti, going forward on row,78,,,,
f3ti, found by createProdDict,,,,,
f3ti, is having scan date added,,,,,
f3ti, new scan date, 2021-11-07 added,,,,
f3ti, matches url,,,,,
f3ti, going forward on row,78,,,,
f3ti, found by createProdDict,,,,,
f3ti, already has scan date recorded,2021-11-07,,,,
f3ti, matches url,,,,,
f3ti, going forward on row,80,,,,
f3ti, found by createProdDict,,,,,
f3ti, already has scan date recorded,2021-11-07,,,,
f3ti, matches url,,,,,
f3ts, going forward on row,459,,,,
f3ts, found by createProdDict,,,,,
f3ts, is having scan date added,,,,,
f3ts, new scan date, 2021-11-07 added,,,,
f3ts, matches url,,,,,
f3tt, going forward on row,77,,,,
f3tt, found by createProdDict,,,,,
f3tt, is having scan date added,,,,,
f3tt, new scan date, 2021-11-07 added,,,,
f3tt, matches url,,,,,
f3tx, going forward on row,418,,,,
f3tx, found by createProdDict,,,,,
f3tx, is having scan date added,,,,,
f3tx, new scan date, 2021-11-07 added,,,,
f3tx, matches url,,,,,
f3u8, going forward on row,35,,,,
f3u8, found by createProdDict,,,,,
f3u8, is having scan date added,,,,,
f3u8, new scan date, 2021-11-07 added,,,,
f3u8, matches url,,,,,
f3u8, going forward on row,35,,,,
f3u8, found by createProdDict,,,,,
f3u8, already has scan date recorded,2021-11-07,,,,
f3u8, matches url,,,,,
f3u9, going forward on row,45,,,,
f3u9, found by createProdDict,,,,,
f3u9, is having scan date added,,,,,
f3u9, new scan date, 2021-11-07 added,,,,
f3u9, matches url,,,,,
f3u9, going forward on row,45,,,,
f3u9, found by createProdDict,,,,,
f3u9, already has scan date recorded,2021-11-07,,,,
f3u9, matches url,,,,,
f3ua, going forward on row,33,,,,
f3ua, found by createProdDict,,,,,
f3ua, is having scan date added,,,,,
f3ua, new scan date, 2021-11-07 added,,,,
f3ua, matches url,,,,,
f3ua, going forward on row,33,,,,
f3ua, found by createProdDict,,,,,
f3ua, already has scan date recorded,2021-11-07,,,,
f3ua, matches url,,,,,
f3uz, going forward on row,219,,,,
f3uz, not found; timeout exception,,,,,
flxo, going forward on row,115,,,,
flxo, not found; timeout exception,,,,,
fsjb, going forward on row,64,,,,
fsjb, found by createProdDict,,,,,
fsjb, is having scan date added,,,,,
fsjb, new scan date, 2021-11-07 added,,,,
fsjb, matches url,,,,,
fsjb, going forward on row,64,,,,
fsjb, found by createProdDict,,,,,
fsjb, already has scan date recorded,2021-11-07,,,,
fsjb, matches url,,,,,
fsjc, going forward on row,65,,,,
fsjc, found by createProdDict,,,,,
fsjc, is having scan date added,,,,,
fsjc, new scan date, 2021-11-07 added,,,,
fsjc, matches url,,,,,
fsjc, going forward on row,65,,,,
fsjc, found by createProdDict,,,,,
fsjc, already has scan date recorded,2021-11-07,,,,
fsjc, matches url,,,,,
g0f9, going forward on row,201,,,,
g0f9, found by createProdDict,,,,,
g0f9, already has scan date recorded,2021-11-07,,,,
g0f9, matches url,,,,,
g0fa, going forward on row,200,,,,
g0fa, found by createProdDict,,,,,
g0fa, already has scan date recorded,2021-11-07,,,,
g0fa, matches url,,,,,
g2k5, going forward on row,302,,,,
g2k5, found by createProdDict,,,,,
g2k5, is having scan date added,,,,,
g2k5, new scan date, 2021-11-07 added,,,,
g2k5, matches url,,,,,
g7fx, going forward on row,493,,,,
g7fx, found by createProdDict,,,,,
g7fx, does not have a scan log,,,,,
g7fx, matches url,,,,,
g7oe, going forward on row,504,,,,
g7oe, found by createProdDict,,,,,
g7oe, is having scan date added,,,,,
g7oe, new scan date, 2021-11-07 added,,,,
g7oe, matches url,,,,,
g8xs, going forward on row,202,,,,
g8xs, found by createProdDict,,,,,
g8xs, does not have a scan log,,,,,
g8xs, matches url,,,,,
gaos, going forward on row,278,,,,
gaos, found by createProdDict,,,,,
gaos, is having scan date added,,,,,
gaos, new scan date, 2021-11-07 added,,,,
gaos, matches url,,,,,
gdzr, going forward on row,386,,,,
gdzr, found by createProdDict,,,,,
gdzr, is having scan date added,,,,,
gdzr, new scan date, 2021-11-07 added,,,,
gdzr, matches url,,,,,
gdzs, going forward on row,468,,,,
gdzs, found by createProdDict,,,,,
gdzs, is having scan date added,,,,,
gdzs, new scan date, 2021-11-07 added,,,,
gdzs, matches url,,,,,
gdzu, going forward on row,542,,,,
gdzu, found by createProdDict,,,,,
gdzu, is having scan date added,,,,,
gdzu, new scan date, 2021-11-07 added,,,,
gdzu, matches url,,,,,
gehk, going forward on row,104,,,,
gehk, found by createProdDict,,,,,
gehk, is having scan date added,,,,,
gehk, new scan date, 2021-11-07 added,,,,
gehk, matches url,,,,,
helr, going forward on row,184,,,,
helr, found by createProdDict,,,,,
helr, is having scan date added,,,,,
helr, new scan date, 2021-11-07 added,,,,
helr, matches url,,,,,
here, going forward on row,185,,,,
here, found by createProdDict,,,,,
here, is having scan date added,,,,,
here, new scan date, 2021-11-07 added,,,,
here, matches url,,,,,
hhew, going forward on row,279,,,,
hhew, found by createProdDict,,,,,
hhew, is having scan date added,,,,,
hhew, new scan date, 2021-11-07 added,,,,
hhew, matches url,,,,,
hhoe, going forward on row,494,,,,
hhoe, found by createProdDict,,,,,
hhoe, is having scan date added,,,,,
hhoe, new scan date, 2021-11-07 added,,,,
hhoe, matches url,,,,,
hkcl, going forward on row,511,,,,
hkcl, found by createProdDict,,,,,
hkcl, is having scan date added,,,,,
hkcl, new scan date, 2021-11-07 added,,,,
hkcl, matches url,,,,,
hkcp, going forward on row,191,,,,
hkcp, found by createProdDict,,,,,
hkcp, is having scan date added,,,,,
hkcp, new scan date, 2021-11-07 added,,,,
hkcp, matches url,,,,,
hl76, going forward on row,293,,,,
hl76, found by createProdDict,,,,,
hl76, is having scan date added,,,,,
hl76, new scan date, 2021-11-07 added,,,,
hl76, matches url,,,,,
hl78, going forward on row,217,,,,
hl78, found by createProdDict,,,,,
hl78, is having scan date added,,,,,
hl78, new scan date, 2021-11-07 added,,,,
hl78, matches url,,,,,
i4hc, going forward on row,337,,,,
i4hc, found by createProdDict,,,,,
i4hc, does not have a scan log,,,,,
i4hc, matches url,,,,,
ikp4, going forward on row,111,,,,
ikp4, found by createProdDict,,,,,
ikp4, does not have a scan log,,,,,
ikp4, matches url,,,,,
j7oa, going forward on row,122,,,,
j7oa, not found; timeout exception,,,,,
j90, going forward on row,131,,,,
j90, found by createProdDict,,,,,
j90, does not have a scan log,,,,,
j90, matches url,,,,,
jfk, going forward on row,134,,,,
jfk, found by createProdDict,,,,,
jfk, does not have a scan log,,,,,
jfk, matches url,,,,,
jfm, going forward on row,290,,,,
jfm, found by createProdDict,,,,,
jfm, does not have a scan log,,,,,
jfm, matches url,,,,,
jfm, going forward on row,290,,,,
jfm, found by createProdDict,,,,,
jfm, does not have a scan log,,,,,
jfm, matches url,,,,,
jfo, going forward on row,136,,,,
jfo, found by createProdDict,,,,,
jfo, does not have a scan log,,,,,
jfo, matches url,,,,,
jfq, going forward on row,133,,,,
jfq, found by createProdDict,,,,,
jfq, does not have a scan log,,,,,
jfq, matches url,,,,,
jfr, going forward on row,135,,,,
jfr, found by createProdDict,,,,,
jfr, does not have a scan log,,,,,
jfr, matches url,,,,,
jfv, going forward on row,127,,,,
jfv, found by createProdDict,,,,,
jfv, does not have a scan log,,,,,
jfv, matches url,,,,,
jfw, going forward on row,97,,,,
jfw, found by createProdDict,,,,,
jfw, does not have a scan log,,,,,
jfw, matches url,,,,,
jfy, going forward on row,289,,,,
jfy, found by createProdDict,,,,,
jfy, does not have a scan log,,,,,
jfy, matches url,,,,,
jfz, going forward on row,140,,,,
jfz, found by createProdDict,,,,,
jfz, does not have a scan log,,,,,
jfz, matches url,,,,,
kecv, going forward on row,73,,,,
kecv, found by createProdDict,,,,,
kecv, does not have a scan log,,,,,
kecv, matches url,,,,,
kecw, going forward on row,102,,,,
kecw, found by createProdDict,,,,,
kecw, does not have a scan log,,,,,
kecw, matches url,,,,,
kecx, going forward on row,101,,,,
kecx, found by createProdDict,,,,,
kecx, does not have a scan log,,,,,
kecx, matches url,,,,,
kecy, going forward on row,103,,,,
kecy, found by createProdDict,,,,,
kecy, does not have a scan log,,,,,
kecy, matches url,,,,,
kecz, going forward on row,130,,,,
kecz, found by createProdDict,,,,,
kecz, does not have a scan log,,,,,
kecz, matches url,,,,,
ked0, going forward on row,192,,,,
ked0, found by createProdDict,,,,,
ked0, does not have a scan log,,,,,
ked0, matches url,,,,,
ked2, going forward on row,194,,,,
ked2, found by createProdDict,,,,,
ked2, does not have a scan log,,,,,
ked2, matches url,,,,,
ked3, going forward on row,195,,,,
ked3, found by createProdDict,,,,,
ked3, does not have a scan log,,,,,
ked3, matches url,,,,,
ked4, going forward on row,193,,,,
ked4, found by createProdDict,,,,,
ked4, does not have a scan log,,,,,
ked4, matches url,,,,,
ked8, going forward on row,283,,,,
ked8, found by createProdDict,,,,,
ked8, does not have a scan log,,,,,
ked8, matches url,,,,,
ked9, going forward on row,322,,,,
ked9, found by createProdDict,,,,,
ked9, does not have a scan log,,,,,
ked9, matches url,,,,,
kedc, going forward on row,272,,,,
kedc, found by createProdDict,,,,,
kedc, does not have a scan log,,,,,
kedc, matches url,,,,,
kedd, going forward on row,257,,,,
kedd, found by createProdDict,,,,,
kedd, does not have a scan log,,,,,
kedd, matches url,,,,,
kede, going forward on row,41,,,,
kede, found by createProdDict,,,,,
kede, does not have a scan log,,,,,
kede, matches url,,,,,
kede, going forward on row,41,,,,
kede, found by createProdDict,,,,,
kede, does not have a scan log,,,,,
kede, matches url,,,,,
kedf, going forward on row,42,,,,
kedf, found by createProdDict,,,,,
kedf, does not have a scan log,,,,,
kedf, matches url,,,,,
kedf, going forward on row,42,,,,
kedf, found by createProdDict,,,,,
kedf, does not have a scan log,,,,,
kedf, matches url,,,,,
kedg, going forward on row,43,,,,
kedg, found by createProdDict,,,,,
kedg, does not have a scan log,,,,,
kedg, matches url,,,,,
kedg, going forward on row,43,,,,
kedg, found by createProdDict,,,,,
kedg, does not have a scan log,,,,,
kedg, matches url,,,,,
kedh, going forward on row,46,,,,
kedh, found by createProdDict,,,,,
kedh, does not have a scan log,,,,,
kedh, matches url,,,,,
kedh, going forward on row,46,,,,
kedh, found by createProdDict,,,,,
kedh, does not have a scan log,,,,,
kedh, matches url,,,,,
kedi,going,forward,on,row,14,
kedi,found,by,createProdDict,,,
kedi,matches,url,,,,
kedi, going forward on row,311,,,,
kedi, found by createProdDict,,,,,
kedi, does not have a scan log,,,,,
kedi, matches url,,,,,
kedidoes,not,have,a,scan,log,
kedj, going forward on row,296,,,,
kedj, found by createProdDict,,,,,
kedj, does not have a scan log,,,,,
kedj, matches url,,,,,
kedk, going forward on row,298,,,,
kedk, found by createProdDict,,,,,
kedk, does not have a scan log,,,,,
kedk, matches url,,,,,
kedl, going forward on row,299,,,,
kedl, found by createProdDict,,,,,
kedl, does not have a scan log,,,,,
kedl, matches url,,,,,
kedm, going forward on row,317,,,,
kedm, found by createProdDict,,,,,
kedm, does not have a scan log,,,,,
kedm, matches url,,,,,
kedn, going forward on row,314,,,,
kedn, found by createProdDict,,,,,
kedn, does not have a scan log,,,,,
kedn, matches url,,,,,
kedo, going forward on row,313,,,,
kedo, found by createProdDict,,,,,
kedo, does not have a scan log,,,,,
kedo, matches url,,,,,
kedp, going forward on row,325,,,,
kedp, found by createProdDict,,,,,
kedp, does not have a scan log,,,,,
kedp, matches url,,,,,
kedr, going forward on row,330,,,,
kedr, found by createProdDict,,,,,
kedr, does not have a scan log,,,,,
kedr, matches url,,,,,
keds, going forward on row,216,,,,
keds, found by createProdDict,,,,,
keds, does not have a scan log,,,,,
keds, matches url,,,,,
kedv, going forward on row,344,,,,
kedv, found by createProdDict,,,,,
kedv, does not have a scan log,,,,,
kedv, matches url,,,,,
kedw, going forward on row,380,,,,
kedw, found by createProdDict,,,,,
kedw, does not have a scan log,,,,,
kedw, matches url,,,,,
kedx, going forward on row,383,,,,
kedx, found by createProdDict,,,,,
kedx, does not have a scan log,,,,,
kedx, matches url,,,,,
kee3, going forward on row,388,,,,
kee3, found by createProdDict,,,,,
kee3, does not have a scan log,,,,,
kee3, matches url,,,,,
kee5, going forward on row,518,,,,
kee5, found by createProdDict,,,,,
kee5, does not have a scan log,,,,,
kee5, matches url,,,,,
kee6, going forward on row,489,,,,
kee6, found by createProdDict,,,,,
kee6, does not have a scan log,,,,,
kee6, matches url,,,,,
kee7, going forward on row,488,,,,
kee7, found by createProdDict,,,,,
kee7, does not have a scan log,,,,,
kee7, matches url,,,,,
kee8, going forward on row,490,,,,
kee8, found by createProdDict,,,,,
kee8, does not have a scan log,,,,,
kee8, matches url,,,,,
kee9, going forward on row,431,,,,
kee9, found by createProdDict,,,,,
kee9, does not have a scan log,,,,,
kee9, matches url,,,,,
keea, going forward on row,432,,,,
keea, found by createProdDict,,,,,
keea, does not have a scan log,,,,,
keea, matches url,,,,,
keeb, going forward on row,450,,,,
keeb, found by createProdDict,,,,,
keeb, does not have a scan log,,,,,
keeb, matches url,,,,,
keee, going forward on row,465,,,,
keee, found by createProdDict,,,,,
keee, does not have a scan log,,,,,
keee, matches url,,,,,
keef, going forward on row,474,,,,
keef, found by createProdDict,,,,,
keef, does not have a scan log,,,,,
keef, matches url,,,,,
keeg, going forward on row,478,,,,
keeg, found by createProdDict,,,,,
keeg, does not have a scan log,,,,,
keeg, matches url,,,,,
keeh, going forward on row,437,,,,
keeh, found by createProdDict,,,,,
keeh, does not have a scan log,,,,,
keeh, matches url,,,,,
keei, going forward on row,396,,,,
keei, found by createProdDict,,,,,
keei, does not have a scan log,,,,,
keei, matches url,,,,,
keei, going forward on row,546,,,,
keei, found by createProdDict,,,,,
keei, does not have a scan log,,,,,
keei, matches url,,,,,
keej, going forward on row,558,,,,
keej, found by createProdDict,,,,,
keej, does not have a scan log,,,,,
keej, matches url,,,,,
keek, going forward on row,550,,,,
keek, found by createProdDict,,,,,
keek, does not have a scan log,,,,,
keek, matches url,,,,,
kelt, going forward on row,407,,,,
kelt, not found; timeout exception,,,,,
l417, going forward on row,61,,,,
l417, not found; timeout exception,,,,,
l41c, going forward on row,477,,,,
l41c, not found; timeout exception,,,,,
l41w, going forward on row,44,,,,
l41w, not found; timeout exception,,,,,
l41w, going forward on row,44,,,,
l41w, not found; timeout exception,,,,,
l41w, going forward on row,44,,,,
l41w, not found; timeout exception,,,,,
l483, going forward on row,292,,,,
l483, found by createProdDict,,,,,
l483, is having scan date added,,,,,
l483, new scan date, 2021-11-07 added,,,,
l483, matches url,,,,,
l491, going forward on row,187,,,,
l491, found by createProdDict,,,,,
l491, is having scan date added,,,,,
l491, new scan date, 2021-11-07 added,,,,
l491, matches url,,,,,
l494, going forward on row,486,,,,
l494, found by createProdDict,,,,,
l494, is having scan date added,,,,,
l494, new scan date, 2021-11-07 added,,,,
l494, matches url,,,,,
l495, going forward on row,491,,,,
l495, found by createProdDict,,,,,
l495, is having scan date added,,,,,
l495, new scan date, 2021-11-07 added,,,,
l495, matches url,,,,,
l497, going forward on row,186,,,,
l497, found by createProdDict,,,,,
l497, is having scan date added,,,,,
l497, new scan date, 2021-11-07 added,,,,
l497, matches url,,,,,
l498, going forward on row,37,,,,
l498, found by createProdDict,,,,,
l498, is having scan date added,,,,,
l498, new scan date, 2021-11-07 added,,,,
l498, matches url,,,,,
l498, going forward on row,37,,,,
l498, found by createProdDict,,,,,
l498, already has scan date recorded,2021-11-07,,,,
l498, matches url,,,,,
l49a, going forward on row,291,,,,
l49a, found by createProdDict,,,,,
l49a, is having scan date added,,,,,
l49a, new scan date, 2021-11-07 added,,,,
l49a, matches url,,,,,
l49a, going forward on row,291,,,,
l49a, found by createProdDict,,,,,
l49a, already has scan date recorded,2021-11-07,,,,
l49a, matches url,,,,,
l49e, going forward on row,99,,,,
l49e, found by createProdDict,,,,,
l49e, is having scan date added,,,,,
l49e, new scan date, 2021-11-07 added,,,,
l49e, matches url,,,,,
l49l, going forward on row,139,,,,
l49l, found by createProdDict,,,,,
l49l, is having scan date added,,,,,
l49l, new scan date, 2021-11-07 added,,,,
l49l, matches url,,,,,
l49p, going forward on row,129,,,,
l49p, found by createProdDict,,,,,
l49p, is having scan date added,,,,,
l49p, new scan date, 2021-11-07 added,,,,
l49p, matches url,,,,,
l49t, going forward on row,559,,,,
l49t, found by createProdDict,,,,,
l49t, is having scan date added,,,,,
l49t, new scan date, 2021-11-07 added,,,,
l49t, matches url,,,,,
l49u, going forward on row,557,,,,
l49u, found by createProdDict,,,,,
l49u, is having scan date added,,,,,
l49u, new scan date, 2021-11-07 added,,,,
l49u, matches url,,,,,
l49w, going forward on row,552,,,,
l49w, found by createProdDict,,,,,
l49w, is having scan date added,,,,,
l49w, new scan date, 2021-11-07 added,,,,
l49w, matches url,,,,,
l49z, going forward on row,284,,,,
l49z, found by createProdDict,,,,,
l49z, is having scan date added,,,,,
l49z, new scan date, 2021-11-07 added,,,,
l49z, matches url,,,,,
l4a6, going forward on row,416,,,,
l4a6, found by createProdDict,,,,,
l4a6, is having scan date added,,,,,
l4a6, new scan date, 2021-11-07 added,,,,
l4a6, matches url,,,,,
l4a7, going forward on row,447,,,,
l4a7, found by createProdDict,,,,,
l4a7, is having scan date added,,,,,
l4a7, new scan date, 2021-11-07 added,,,,
l4a7, matches url,,,,,
l4a8, going forward on row,536,,,,
l4a8, found by createProdDict,,,,,
l4a8, is having scan date added,,,,,
l4a8, new scan date, 2021-11-07 added,,,,
l4a8, matches url,,,,,
l4a9, going forward on row,391,,,,
l4a9, found by createProdDict,,,,,
l4a9, is having scan date added,,,,,
l4a9, new scan date, 2021-11-07 added,,,,
l4a9, matches url,,,,,
l4a9, going forward on row,400,,,,
l4a9, found by createProdDict,,,,,
l4a9, already has scan date recorded,2021-11-07,,,,
l4a9, matches url,,,,,
l4aa, going forward on row,519,,,,
l4aa, found by createProdDict,,,,,
l4aa, is having scan date added,,,,,
l4aa, new scan date, 2021-11-07 added,,,,
l4aa, matches url,,,,,
l4ac, going forward on row,252,,,,
l4ac, found by createProdDict,,,,,
l4ac, is having scan date added,,,,,
l4ac, new scan date, 2021-11-07 added,,,,
l4ac, matches url,,,,,
l4ad, going forward on row,534,,,,
l4ad, found by createProdDict,,,,,
l4ad, is having scan date added,,,,,
l4ad, new scan date, 2021-11-07 added,,,,
l4ad, matches url,,,,,
l4af, going forward on row,428,,,,
l4af, found by createProdDict,,,,,
l4af, is having scan date added,,,,,
l4af, new scan date, 2021-11-07 added,,,,
l4af, matches url,,,,,
l4ag, going forward on row,405,,,,
l4ag, found by createProdDict,,,,,
l4ag, is having scan date added,,,,,
l4ag, new scan date, 2021-11-07 added,,,,
l4ag, matches url,,,,,
l4ai, going forward on row,52,,,,
l4ai, found by createProdDict,,,,,
l4ai, is having scan date added,,,,,
l4ai, new scan date, 2021-11-07 added,,,,
l4ai, matches url,,,,,
l4ai, going forward on row,533,,,,
l4ai, found by createProdDict,,,,,
l4ai, already has scan date recorded,2021-11-07,,,,
l4ai, matches url,,,,,
l4al, going forward on row,60,,,,
l4al, found by createProdDict,,,,,
l4al, is having scan date added,,,,,
l4al, new scan date, 2021-11-07 added,,,,
l4al, matches url,,,,,
l4ar, going forward on row,393,,,,
l4ar, found by createProdDict,,,,,
l4ar, is having scan date added,,,,,
l4ar, new scan date, 2021-11-07 added,,,,
l4ar, matches url,,,,,
l4as, going forward on row,49,,,,
l4as, found by createProdDict,,,,,
l4as, is having scan date added,,,,,
l4as, new scan date, 2021-11-07 added,,,,
l4as, matches url,,,,,
l4as, going forward on row,49,,,,
l4as, found by createProdDict,,,,,
l4as, already has scan date recorded,2021-11-07,,,,
l4as, matches url,,,,,
l4as, going forward on row,49,,,,
l4as, found by createProdDict,,,,,
l4as, already has scan date recorded,2021-11-07,,,,
l4as, matches url,,,,,
l4aw, going forward on row,452,,,,
l4aw, found by createProdDict,,,,,
l4aw, already has scan date recorded,2021-11-07,,,,
l4aw, matches url,,,,,
l4az, going forward on row,71,,,,
l4az, found by createProdDict,,,,,
l4az, is having scan date added,,,,,
l4az, new scan date, 2021-11-07 added,,,,
l4az, matches url,,,,,
l4b1, going forward on row,438,,,,
l4b1, found by createProdDict,,,,,
l4b1, is having scan date added,,,,,
l4b1, new scan date, 2021-11-07 added,,,,
l4b1, matches url,,,,,
l4bs, going forward on row,340,,,,
l4bs, found by createProdDict,,,,,
l4bs, is having scan date added,,,,,
l4bs, new scan date, 2021-11-07 added,,,,
l4bs, matches url,,,,,
l4bt, going forward on row,339,,,,
l4bt, found by createProdDict,,,,,
l4bt, is having scan date added,,,,,
l4bt, new scan date, 2021-11-07 added,,,,
l4bt, matches url,,,,,
l4d4, going forward on row,256,,,,
l4d4, found by createProdDict,,,,,
l4d4, is having scan date added,,,,,
l4d4, new scan date, 2021-11-07 added,,,,
l4d4, matches url,,,,,
l4da, going forward on row,523,,,,
l4da, found by createProdDict,,,,,
l4da, is having scan date added,,,,,
l4da, new scan date, 2021-11-07 added,,,,
l4da, matches url,,,,,
l4db, going forward on row,505,,,,
l4db, found by createProdDict,,,,,
l4db, is having scan date added,,,,,
l4db, new scan date, 2021-11-07 added,,,,
l4db, matches url,,,,,
l4de, going forward on row,263,,,,
l4de, found by createProdDict,,,,,
l4de, is having scan date added,,,,,
l4de, new scan date, 2021-11-07 added,,,,
l4de, matches url,,,,,
l4dg, going forward on row,205,,,,
l4dg, found by createProdDict,,,,,
l4dg, is having scan date added,,,,,
l4dg, new scan date, 2021-11-07 added,,,,
l4dg, matches url,,,,,
l4di, going forward on row,500,,,,
l4di, found by createProdDict,,,,,
l4di, is having scan date added,,,,,
l4di, new scan date, 2021-11-07 added,,,,
l4di, matches url,,,,,
l4dj, going forward on row,208,,,,
l4dj, found by createProdDict,,,,,
l4dj, is having scan date added,,,,,
l4dj, new scan date, 2021-11-07 added,,,,
l4dj, matches url,,,,,
l4dk, going forward on row,402,,,,
l4dk, found by createProdDict,,,,,
l4dk, is having scan date added,,,,,
l4dk, new scan date, 2021-11-07 added,,,,
l4dk, matches url,,,,,
l4dm, going forward on row,251,,,,
l4dm, found by createProdDict,,,,,
l4dm, is having scan date added,,,,,
l4dm, new scan date, 2021-11-07 added,,,,
l4dm, matches url,,,,,
l4dn, going forward on row,496,,,,
l4dn, found by createProdDict,,,,,
l4dn, is having scan date added,,,,,
l4dn, new scan date, 2021-11-07 added,,,,
l4dn, matches url,,,,,
l4do, going forward on row,268,,,,
l4do, found by createProdDict,,,,,
l4do, is having scan date added,,,,,
l4do, new scan date, 2021-11-07 added,,,,
l4do, matches url,,,,,
l4dz, going forward on row,207,,,,
l4dz, found by createProdDict,,,,,
l4dz, does not have a scan log,,,,,
l4dz, matches url,,,,,
l4e2, going forward on row,286,,,,
l4e2, found by createProdDict,,,,,
l4e2, is having scan date added,,,,,
l4e2, new scan date, 2021-11-07 added,,,,
l4e2, matches url,,,,,
l4e3, going forward on row,524,,,,
l4e3, found by createProdDict,,,,,
l4e3, is having scan date added,,,,,
l4e3, new scan date, 2021-11-07 added,,,,
l4e3, matches url,,,,,
l4e6, going forward on row,210,,,,
l4e6, found by createProdDict,,,,,
l4e6, is having scan date added,,,,,
l4e6, new scan date, 2021-11-07 added,,,,
l4e6, matches url,,,,,
l4e7, going forward on row,213,,,,
l4e7, found by createProdDict,,,,,
l4e7, is having scan date added,,,,,
l4e7, new scan date, 2021-11-07 added,,,,
l4e7, matches url,,,,,
l4e7, going forward on row,249,,,,
l4e7, found by createProdDict,,,,,
l4e7, already has scan date recorded,2021-11-07,,,,
l4e7, matches url,,,,,
l4e8, going forward on row,269,,,,
l4e8, found by createProdDict,,,,,
l4e8, is having scan date added,,,,,
l4e8, new scan date, 2021-11-07 added,,,,
l4e8, matches url,,,,,
l4e9, going forward on row,270,,,,
l4e9, found by createProdDict,,,,,
l4e9, is having scan date added,,,,,
l4e9, new scan date, 2021-11-07 added,,,,
l4e9, matches url,,,,,
l4ea, going forward on row,234,,,,
l4ea, found by createProdDict,,,,,
l4ea, is having scan date added,,,,,
l4ea, new scan date, 2021-11-07 added,,,,
l4ea, matches url,,,,,
l4ec, going forward on row,262,,,,
l4ec, found by createProdDict,,,,,
l4ec, is having scan date added,,,,,
l4ec, new scan date, 2021-11-07 added,,,,
l4ec, matches url,,,,,
l4ed, going forward on row,255,,,,
l4ed, found by createProdDict,,,,,
l4ed, is having scan date added,,,,,
l4ed, new scan date, 2021-11-07 added,,,,
l4ed, matches url,,,,,
l4ee, going forward on row,212,,,,
l4ee, found by createProdDict,,,,,
l4ee, is having scan date added,,,,,
l4ee, new scan date, 2021-11-07 added,,,,
l4ee, matches url,,,,,
l4ef, going forward on row,415,,,,
l4ef, found by createProdDict,,,,,
l4ef, is having scan date added,,,,,
l4ef, new scan date, 2021-11-07 added,,,,
l4ef, matches url,,,,,
l4eg, going forward on row,266,,,,
l4eg, found by createProdDict,,,,,
l4eg, is having scan date added,,,,,
l4eg, new scan date, 2021-11-07 added,,,,
l4eg, matches url,,,,,
l4eh, going forward on row,214,,,,
l4eh, found by createProdDict,,,,,
l4eh, is having scan date added,,,,,
l4eh, new scan date, 2021-11-07 added,,,,
l4eh, matches url,,,,,
l4ei, going forward on row,215,,,,
l4ei, found by createProdDict,,,,,
l4ei, is having scan date added,,,,,
l4ei, new scan date, 2021-11-07 added,,,,
l4ei, matches url,,,,,
l4ej, going forward on row,250,,,,
l4ej, found by createProdDict,,,,,
l4ej, is having scan date added,,,,,
l4ej, new scan date, 2021-11-07 added,,,,
l4ej, matches url,,,,,
l4ek, going forward on row,209,,,,
l4ek, found by createProdDict,,,,,
l4ek, is having scan date added,,,,,
l4ek, new scan date, 2021-11-07 added,,,,
l4ek, matches url,,,,,
l4el, going forward on row,211,,,,
l4el, found by createProdDict,,,,,
l4el, is having scan date added,,,,,
l4el, new scan date, 2021-11-07 added,,,,
l4el, matches url,,,,,
l4ev, going forward on row,517,,,,
l4ev, found by createProdDict,,,,,
l4ev, is having scan date added,,,,,
l4ev, new scan date, 2021-11-07 added,,,,
l4ev, matches url,,,,,
l4fs, going forward on row,430,,,,
l4fs, found by createProdDict,,,,,
l4fs, does not have a scan log,,,,,
l4fs, matches url,,,,,
l4ft, going forward on row,429,,,,
l4ft, found by createProdDict,,,,,
l4ft, is having scan date added,,,,,
l4ft, new scan date, 2021-11-07 added,,,,
l4ft, matches url,,,,,
l4fw, going forward on row,427,,,,
l4fw, found by createProdDict,,,,,
l4fw, is having scan date added,,,,,
l4fw, new scan date, 2021-11-07 added,,,,
l4fw, matches url,,,,,
l4fx, going forward on row,426,,,,
l4fx, found by createProdDict,,,,,
l4fx, is having scan date added,,,,,
l4fx, new scan date, 2021-11-07 added,,,,
l4fx, matches url,,,,,
l4fy, going forward on row,425,,,,
l4fy, found by createProdDict,,,,,
l4fy, is having scan date added,,,,,
l4fy, new scan date, 2021-11-07 added,,,,
l4fy, matches url,,,,,
l4fz, going forward on row,451,,,,
l4fz, found by createProdDict,,,,,
l4fz, is having scan date added,,,,,
l4fz, new scan date, 2021-11-07 added,,,,
l4fz, matches url,,,,,
l4g0, going forward on row,535,,,,
l4g0, found by createProdDict,,,,,
l4g0, is having scan date added,,,,,
l4g0, new scan date, 2021-11-07 added,,,,
l4g0, matches url,,,,,
l4g1, going forward on row,539,,,,
l4g1, found by createProdDict,,,,,
l4g1, is having scan date added,,,,,
l4g1, new scan date, 2021-11-07 added,,,,
l4g1, matches url,,,,,
l4g2, going forward on row,538,,,,
l4g2, found by createProdDict,,,,,
l4g2, is having scan date added,,,,,
l4g2, new scan date, 2021-11-07 added,,,,
l4g2, matches url,,,,,
l4g5, going forward on row,48,,,,
l4g5, found by createProdDict,,,,,
l4g5, is having scan date added,,,,,
l4g5, new scan date, 2021-11-07 added,,,,
l4g5, matches url,,,,,
l4g5, going forward on row,48,,,,
l4g5, found by createProdDict,,,,,
l4g5, already has scan date recorded,2021-11-07,,,,
l4g5, matches url,,,,,
l4g5, going forward on row,471,,,,
l4g5, found by createProdDict,,,,,
l4g5, already has scan date recorded,2021-11-07,,,,
l4g5, matches url,,,,,
l4g6, going forward on row,470,,,,
l4g6, found by createProdDict,,,,,
l4g6, is having scan date added,,,,,
l4g6, new scan date, 2021-11-07 added,,,,
l4g6, matches url,,,,,
l4g7, going forward on row,492,,,,
l4g7, found by createProdDict,,,,,
l4g7, is having scan date added,,,,,
l4g7, new scan date, 2021-11-07 added,,,,
l4g7, matches url,,,,,
l4g8, going forward on row,473,,,,
l4g8, found by createProdDict,,,,,
l4g8, is having scan date added,,,,,
l4g8, new scan date, 2021-11-07 added,,,,
l4g8, matches url,,,,,
l4g9, going forward on row,472,,,,
l4g9, found by createProdDict,,,,,
l4g9, does not have a scan log,,,,,
l4g9, matches url,,,,,
l4ga, going forward on row,26,,,,
l4ga, is having scan date added,,,,,
l4ga, new scan date, 2021-11-07 added,,,,
l4ga, matches url,,,,,
l4ga, going forward on row,26,,,,
l4ga, found by createProdDict,,,,,
l4ga, already has scan date recorded,2021-11-07,,,,
l4ga, matches url,,,,,
l4ga found by createProdDict,,,,,,
l4gb, going forward on row,70,,,,
l4gb, found by createProdDict,,,,,
l4gb, is having scan date added,,,,,
l4gb, new scan date, 2021-11-07 added,,,,
l4gb, matches url,,,,,
l4gc, going forward on row,181,,,,
l4gc, found by createProdDict,,,,,
l4gc, is having scan date added,,,,,
l4gc, new scan date, 2021-11-07 added,,,,
l4gc, matches url,,,,,
l4gf, going forward on row,433,,,,
l4gf, found by createProdDict,,,,,
l4gf, is having scan date added,,,,,
l4gf, new scan date, 2021-11-07 added,,,,
l4gf, matches url,,,,,
l4gg, going forward on row,506,,,,
l4gg, found by createProdDict,,,,,
l4gg, is having scan date added,,,,,
l4gg, new scan date, 2021-11-07 added,,,,
l4gg, matches url,,,,,
l4gh, going forward on row,87,,,,
l4gh, found by createProdDict,,,,,
l4gh, is having scan date added,,,,,
l4gh, new scan date, 2021-11-07 added,,,,
l4gh, matches url,,,,,
l4gi, going forward on row,498,,,,
l4gi, found by createProdDict,,,,,
l4gi, is having scan date added,,,,,
l4gi, new scan date, 2021-11-07 added,,,,
l4gi, matches url,,,,,
l4gj, going forward on row,274,,,,
l4gj, found by createProdDict,,,,,
l4gj, is having scan date added,,,,,
l4gj, new scan date, 2021-11-07 added,,,,
l4gj, matches url,,,,,
l4gl, going forward on row,445,,,,
l4gl, found by createProdDict,,,,,
l4gl, is having scan date added,,,,,
l4gl, new scan date, 2021-11-07 added,,,,
l4gl, matches url,,,,,
l4go, going forward on row,467,,,,
l4go, found by createProdDict,,,,,
l4go, is having scan date added,,,,,
l4go, new scan date, 2021-11-07 added,,,,
l4go, matches url,,,,,
l4gp, going forward on row,260,,,,
l4gp, found by createProdDict,,,,,
l4gp, is having scan date added,,,,,
l4gp, new scan date, 2021-11-07 added,,,,
l4gp, matches url,,,,,
l4gr, going forward on row,242,,,,
l4gr, found by createProdDict,,,,,
l4gr, is having scan date added,,,,,
l4gr, new scan date, 2021-11-07 added,,,,
l4gr, matches url,,,,,
l4gt, going forward on row,59,,,,
l4gt, found by createProdDict,,,,,
l4gt, is having scan date added,,,,,
l4gt, new scan date, 2021-11-07 added,,,,
l4gt, matches url,,,,,
l4gu, going forward on row,55,,,,
l4gu, found by createProdDict,,,,,
l4gu, is having scan date added,,,,,
l4gu, new scan date, 2021-11-07 added,,,,
l4gu, matches url,,,,,
l4gu, going forward on row,55,,,,
l4gu, found by createProdDict,,,,,
l4gu, already has scan date recorded,2021-11-07,,,,
l4gu, matches url,,,,,
l4gu, going forward on row,220,,,,
l4gu, found by createProdDict,,,,,
l4gu, already has scan date recorded,2021-11-07,,,,
l4gu, matches url,,,,,
l4gv, going forward on row,50,,,,
l4gv, found by createProdDict,,,,,
l4gv, is having scan date added,,,,,
l4gv, new scan date, 2021-11-07 added,,,,
l4gv, matches url,,,,,
l4h2, going forward on row,309,,,,
l4h2, found by createProdDict,,,,,
l4h2, is having scan date added,,,,,
l4h2, new scan date, 2021-11-07 added,,,,
l4h2, matches url,,,,,
l4h3, going forward on row,310,,,,
l4h3, found by createProdDict,,,,,
l4h3, is having scan date added,,,,,
l4h3, new scan date, 2021-11-07 added,,,,
l4h3, matches url,,,,,
l4h4, going forward on row,307,,,,
l4h4, found by createProdDict,,,,,
l4h4, is having scan date added,,,,,
l4h4, new scan date, 2021-11-07 added,,,,
l4h4, matches url,,,,,
l4h7, going forward on row,312,,,,
l4h7, found by createProdDict,,,,,
l4h7, is having scan date added,,,,,
l4h7, new scan date, 2021-11-07 added,,,,
l4h7, matches url,,,,,
l4ha, going forward on row,306,,,,
l4ha, found by createProdDict,,,,,
l4ha, is having scan date added,,,,,
l4ha, new scan date, 2021-11-07 added,,,,
l4ha, matches url,,,,,
l4hb, going forward on row,297,,,,
l4hb, found by createProdDict,,,,,
l4hb, is having scan date added,,,,,
l4hb, new scan date, 2021-11-07 added,,,,
l4hb, matches url,,,,,
l4hb, going forward on row,324,,,,
l4hb, found by createProdDict,,,,,
l4hb, already has scan date recorded,2021-11-07,,,,
l4hb, matches url,,,,,
l4hd, going forward on row,323,,,,
l4hd, found by createProdDict,,,,,
l4hd, is having scan date added,,,,,
l4hd, new scan date, 2021-11-07 added,,,,
l4hd, matches url,,,,,
l4he, going forward on row,326,,,,
l4he, found by createProdDict,,,,,
l4he, is having scan date added,,,,,
l4he, new scan date, 2021-11-07 added,,,,
l4he, matches url,,,,,
l4hh, going forward on row,303,,,,
l4hh, found by createProdDict,,,,,
l4hh, is having scan date added,,,,,
l4hh, new scan date, 2021-11-07 added,,,,
l4hh, matches url,,,,,
l4hi, going forward on row,304,,,,
l4hi, found by createProdDict,,,,,
l4hi, is having scan date added,,,,,
l4hi, new scan date, 2021-11-07 added,,,,
l4hi, matches url,,,,,
l4hj, going forward on row,305,,,,
l4hj, found by createProdDict,,,,,
l4hj, is having scan date added,,,,,
l4hj, new scan date, 2021-11-07 added,,,,
l4hj, matches url,,,,,
l4hk, going forward on row,206,,,,
l4hk, found by createProdDict,,,,,
l4hk, is having scan date added,,,,,
l4hk, new scan date, 2021-11-07 added,,,,
l4hk, matches url,,,,,
l4ho, going forward on row,503,,,,
l4ho, found by createProdDict,,,,,
l4ho, is having scan date added,,,,,
l4ho, new scan date, 2021-11-07 added,,,,
l4ho, matches url,,,,,
l4hp, going forward on row,145,,,,
l4hp, found by createProdDict,,,,,
l4hp, does not have a scan log,,,,,
l4hp, matches url,,,,,
l4ht, going forward on row,126,,,,
l4ht, found by createProdDict,,,,,
l4ht, does not have a scan log,,,,,
l4ht, matches url,,,,,
l4hy, going forward on row,398,,,,
l4hy, found by createProdDict,,,,,
l4hy, is having scan date added,,,,,
l4hy, new scan date, 2021-11-07 added,,,,
l4hy, matches url,,,,,
l4i1, does not have a scan log,,,,,
l4i1, matches url,,,,,
l4i6, going forward on row,526,,,,
l4i6, found by createProdDict,,,,,
l4i6, is having scan date added,,,,,
l4i6, new scan date, 2021-11-07 added,,,,
l4i6, matches url,,,,,
l4ib, going forward on row,448,,,,
l4ib, found by createProdDict,,,,,
l4ib, is having scan date added,,,,,
l4ib, new scan date, 2021-11-07 added,,,,
l4ib, matches url,,,,,
l4ii, going forward on row,562,,,,
l4ii, found by createProdDict,,,,,
l4ii, is having scan date added,,,,,
l4ii, new scan date, 2021-11-07 added,,,,
l4ii, matches url,,,,,
l4ij, going forward on row,544,,,,
l4ij, found by createProdDict,,,,,
l4ij, is having scan date added,,,,,
l4ij, new scan date, 2021-11-07 added,,,,
l4ij, matches url,,,,,
l4ik, going forward on row,378,,,,
l4ik, found by createProdDict,,,,,
l4ik, is having scan date added,,,,,
l4ik, new scan date, 2021-11-07 added,,,,
l4ik, matches url,,,,,
l4in, going forward on row,441,,,,
l4in, found by createProdDict,,,,,
l4in, does not have a scan log,,,,,
l4in, matches url,,,,,
l4io, going forward on row,442,,,,
l4io, found by createProdDict,,,,,
l4io, does not have a scan log,,,,,
l4io, matches url,,,,,
l4ip, going forward on row,221,,,,
l4ip, found by createProdDict,,,,,
l4ip, does not have a scan log,,,,,
l4ip, matches url,,,,,
l4is, going forward on row,482,,,,
l4is, found by createProdDict,,,,,
l4is, is having scan date added,,,,,
l4is, new scan date, 2021-11-07 added,,,,
l4is, matches url,,,,,
l4it, going forward on row,484,,,,
l4it, found by createProdDict,,,,,
l4it, is having scan date added,,,,,
l4it, new scan date, 2021-11-07 added,,,,
l4it, matches url,,,,,
l4iy, going forward on row,47,,,,
l4iy, found by createProdDict,,,,,
l4iy, is having scan date added,,,,,
l4iy, new scan date, 2021-11-07 added,,,,
l4iy, matches url,,,,,
l4iy, going forward on row,47,,,,
l4iy, found by createProdDict,,,,,
l4iy, already has scan date recorded,2021-11-07,,,,
l4iy, matches url,,,,,
l4j3, going forward on row,93,,,,
l4j3, found by createProdDict,,,,,
l4j3, is having scan date added,,,,,
l4j3, new scan date, 2021-11-07 added,,,,
l4j3, matches url,,,,,
l4j4, going forward on row,94,,,,
l4j4, found by createProdDict,,,,,
l4j4, is having scan date added,,,,,
l4j4, new scan date, 2021-11-07 added,,,,
l4j4, matches url,,,,,
l4j6, going forward on row,454,,,,
l4j6, found by createProdDict,,,,,
l4j6, is having scan date added,,,,,
l4j6, new scan date, 2021-11-07 added,,,,
l4j6, matches url,,,,,
l4j7, going forward on row,455,,,,
l4j7, found by createProdDict,,,,,
l4j7, is having scan date added,,,,,
l4j7, new scan date, 2021-11-07 added,,,,
l4j7, matches url,,,,,
l4ja, going forward on row,319,,,,
l4ja, found by createProdDict,,,,,
l4ja, is having scan date added,,,,,
l4ja, new scan date, 2021-11-07 added,,,,
l4ja, matches url,,,,,
l4jb, going forward on row,320,,,,
l4jb, found by createProdDict,,,,,
l4jb, is having scan date added,,,,,
l4jb, new scan date, 2021-11-07 added,,,,
l4jb, matches url,,,,,
l4jb, going forward on row,379,,,,
l4jb, found by createProdDict,,,,,
l4jb, already has scan date recorded,2021-11-07,,,,
l4jb, matches url,,,,,
l4js, going forward on row,74,,,,
l4js, found by createProdDict,,,,,
l4js, does not have a scan log,,,,,
l4js, matches url,,,,,
l4jx,going,forward,on,row,11,
l4jx,found,by,createProdDict,,,
l4jx,already,has,scan,date,recorded,2021-11-07
l4jx,matches,url,,,,
l4jz, going forward on row,89,,,,
l4jz, found by createProdDict,,,,,
l4jz, is having scan date added,,,,,
l4jz, new scan date, 2021-11-07 added,,,,
l4jz, matches url,,,,,
l4jz, going forward on row,89,,,,
l4jz, found by createProdDict,,,,,
l4jz, already has scan date recorded,2021-11-07,,,,
l4jz, matches url,,,,,
l4k1, going forward on row,475,,,,
l4k1, found by createProdDict,,,,,
l4k1, is having scan date added,,,,,
l4k1, new scan date, 2021-11-07 added,,,,
l4k1, matches url,,,,,
l4k4, going forward on row,422,,,,
l4k4, not found; timeout exception,,,,,
l4k5, going forward on row,423,,,,
l4k5, found by createProdDict,,,,,
l4k5, does not have a scan log,,,,,
l4k5, matches url,,,,,
l4k6, going forward on row,424,,,,
l4k6, found by createProdDict,,,,,
l4k6, does not have a scan log,,,,,
l4k6, matches url,,,,,
l4ol, going forward on row,516,,,,
l4ol, not found; timeout exception,,,,,
le40, going forward on row,218,,,,
le40, not found; timeout exception,,,,,
lfjy,going,forward,on,row,12,
lfjy,found,by,createProdDict,,,
lfjy,matches,url,,,,
lfjydoes,not,have,a,scan,log,
lrdh, going forward on row,264,,,,
lrdh, not found; timeout exception,,,,,
lref, going forward on row,285,,,,
lref, not found; timeout exception,,,,,
lrh6, going forward on row,336,,,,
lrh6, not found; timeout exception,,,,,
lrh9, going forward on row,144,,,,
lrh9, not found; timeout exception,,,,,
lrhn, going forward on row,143,,,,
lrhn, not found; timeout exception,,,,,
lrhs, going forward on row,142,,,,
lrhs, not found; timeout exception,,,,,
lrhu, going forward on row,137,,,,
lrhu, not found; timeout exception,,,,,
lrhv, going forward on row,138,,,,
lrhv, not found; timeout exception,,,,,
lrhw, going forward on row,132,,,,
lrhw, not found; timeout exception,,,,,
lriu, going forward on row,483,,,,
lriu, not found; timeout exception,,,,,
lrk0, going forward on row,476,,,,
lrk0, not found; timeout exception,,,,,
new,scan,date,2021-11-07,added,for,5m2z
new,scan,date,2021-11-07,added,for,5m32
slxp, going forward on row,32,,,,
slxp, not found; timeout exception,,,,,
slxp, going forward on row,32,,,,
slxp, not found; timeout exception,,,,,
sm22, going forward on row,62,,,,
sm22, not found; timeout exception,,,,,
sm3b, going forward on row,315,,,,
sm3b, not found; timeout exception,,,,,
sm9u, going forward on row,90,,,,
sm9u, not found; timeout exception,,,,,
smis, going forward on row,63,,,,
smis, not found; timeout exception,,,,,
smsa, going forward on row,66,,,,
smsa, not found; timeout exception,,,,,
smsa, going forward on row,66,,,,
smsa, not found; timeout exception,,,,,
TRUE,,,,,,
TRUE,,,,,,
TRUE,,,,,,
TRUE,,,,,,
TRUE,,,,,,
TRUE,,,,,,
TRUE,,,,,,
TRUE,,,,,,
ypk, going forward on row,480,,,,
ypk, found by createProdDict,,,,,
ypk, is having scan date added,,,,,
ypk, going forward on row,480,,,,
ypk, found by createProdDict,,,,,
ypk, is having scan date added,,,,,
ypk, new scan date, 2021-11-07 added,,,,
ypk, matches url,,,,,
ypm, going forward on row,481,,,,
ypm, found by createProdDict,,,,,
ypm, is having scan date added,,,,,
ypm, new scan date, 2021-11-07 added,,,,
ypm, matches url,,,,,
